Study ID	Patient ID	Sample ID	Diagnosis Age	Age at Which Sequencing was Reported (Years)	Anti-integrin (Yes/No)	Archer Panel	Bone FSM	Bone Time Interval	Brain FSM	Cancer Type	Cancer Type Detailed	Classification of primary site 	Cytotoxic Treatment	Differentiation	Duration of IBD at diagnosis (=<10yrs, 11-20yrs, >20yrs)	Duration of IBD at diagnosis (<10yrs or >/=10yrs)	Error Percent	Ethnicity Category	First Site of Mets	Fraction Genome Altered	Gene Panel	Gyn FSM	IBD	IBD Status At Diagnosis	Institute Source	Interval From Last Colonoscopy to CAC Dx	Liver FSM	Liver Time Interval	LNs FSM	Lung FSM	Lung Time Interval	Median Coverage	Metastatic Site	MSI Score	MSI Type	Mutation Count	Oncotree Code	Overall Survival (Months)	Overall Survival Status	Other FSM	PAO FSM	Pathology of Normal Mucosa	Pelvis FSM	Presentation	Primary Histology	Primary Tumor Site	Race Category	Radiation Adjuvant Therapy	Resectable	Relapse Free Status (Months)	Relapse Free Status	Salicylates	Number of Samples Per Patient	Sample coverage	Sample Type	Sex	Somatic Status	Special Histology	Specimen Preservation Type	Stage at Diagnosis	Steroids (Yes/No)	Tissue Sequenced	TMB (nonsynonymous)	TNF (Yes/No)	Tumor Purity	Patient's Vital Status	Vital Status Code
bowel_colitis_msk_2022	P-0000979	P-0000979-T01-IM3	55	57	NA	NO	NA	NA	NA	Colorectal Cancer	Colon Adenocarcinoma	R side	NA	Mod	NA	Greater	NA	Non-Spanish; Non-Hispanic	Liver	0.0806	IMPACT341	NA	UC	Quiescent	MSK-IMPACT	>5_YEARS	Yes	0	NA	NA	NA	459	Liver	0.34	Stable	7	COAD	13.775	1:DECEASED	NA	NA	Active enteritis	NA	Bowel Symptoms	Mod Diff	R Colon	BLACK OR AFRICAN AMERICAN	NA	No	NA	NA	NA	1	459	Metastasis	Female	Matched	No	NA	3	NA	Liver	15.52817421	NA	60	NA	NA
bowel_colitis_msk_2022	P-0002512	P-0002512-T02-IM5	55	58	NA	NO	Yes	0	NA	Colorectal Cancer	Rectal Adenocarcinoma	L side	NA	NA	NA	Greater	NA	Non-Spanish; Non-Hispanic	Bone	0.2050	IMPACT410	NA	UC	Active IBD	MSK-IMPACT	NA	NA	9.763313609	NA	NA	NA	901	Chest Wall	1.16	Stable	3	READ	19.397	1:DECEASED	NA	NA	Active enteritis	NA	Bowel Symptoms	Mod-poorly Diff	Rectum	WHITE	NA	No	NA	NA	NA	1	901	Metastasis	Male	Matched	NA	NA	3	NA	Chest Wall	5.872318186	NA	80	NA	NA
bowel_colitis_msk_2022	P-0002960	P-0002960-T01-IM3	44	52	NA	NO	NA	NA	NA	Colorectal Cancer	Rectal Adenocarcinoma	L side	NA	Mod	NA	Greater	NA	Non-Spanish; Non-Hispanic	Lungs	0.1370	IMPACT341	NA	UC	Procto/Colectomy	MSK-IMPACT	NA	NA	NA	NA	Yes	0	578	Lung	0.17	Stable	6	READ	25.052	1:DECEASED	NA	NA	Active enteritis	NA	Bowel Symptoms	NA	Rectum	WHITE	NA	No	NA	NA	NA	1	578	Metastasis	Male	Matched	No	NA	1	NA	Lung	13.30986361	NA	20	NA	NA
bowel_colitis_msk_2022	P-0004401	P-0004401-T01-IM5	48	49	NA	NO	NA	NA	NA	Colorectal Cancer	Colon Adenocarcinoma	L side	NA	Poor	NA	Greater	NA	Non-Spanish; Non-Hispanic	NA	0.2196	IMPACT410	NA	UC	Active IBD	MSK-IMPACT	NA	NA	NA	NA	NA	NA	480	NA	0.42	Stable	3	COAD	25.512	1:DECEASED	NA	NA	Active enteritis	NA	Bowel Symptoms	Poorly Diff	Sigmoid	WHITE	NA	No	NA	NA	NA	2	480	Primary	Male	Matched	Combined adenocarcinoma - high grade neuroendocrine carcinoma of small cell type	NA	3	NA	Colon	5.872318186	NA	40	NA	NA
bowel_colitis_msk_2022	P-0004401	P-0004401-T02-IM6	48	51	NA	NO	NA	8.711374096	NA	Colorectal Cancer	Rectal Adenocarcinoma	L side	NA	Poor	NA	Greater	NA	Non-Spanish; Non-Hispanic	Peritoneum, Small Intestine	0.1673	IMPACT468	NA	UC	Active IBD	MSK-IMPACT	NA	NA	3.320184089	NA	NA	NA	927	Small Bowel	0.95	Stable	15	READ	25.512	1:DECEASED	Yes	Yes	NA	NA	Screening Colonoscopy	Poorly Diff	Rectum	WHITE	NA	No	NA	NA	NA	2	927	Metastasis	Male	Matched	No	NA	3	NA	Small Bowel	25.94094285	NA	10	NA	NA
bowel_colitis_msk_2022	P-0006184	P-0006184-T01-IM5	57	57	NA	NO	NA	NA	NA	Rectal Adenocarcinoma	Rectal Adenocarcinoma	L side	NA	Poor	NA	Greater	NA	Unknown whether Spanish or not	NA	0.1791	IMPACT410	NA	Crohn's	Active IBD	MSK-IMPACT	1_3_YEARS	NA	NA	NA	NA	NA	985	NA	0	Stable	4	READ	77.194	0:LIVING	NA	NA	Active enteritis	NA	Screening Colonoscopy	Poorly Diff	Rectum	PT REFUSED TO ANSWER	NA	NA	NA	NA	NA	1	985	Primary	Male	Matched	No	NA	2	NA	Rectum	7.829757581	NA	20	NA	NA
bowel_colitis_msk_2022	P-0007637	P-0007637-T01-IM5	49	49	NA	NO	NA	NA	NA	Colorectal Cancer	Rectal Adenocarcinoma	L side	NA	NA	NA	Greater	NA	Non-Spanish; Non-Hispanic	NA	0.0000	IMPACT410	NA	Crohn's	Active IBD	MSKCC	NA	NA	NA	NA	NA	NA	NA	NA	0.26	Stable	1	READ	84.493	0:LIVING	NA	NA	Chronic inactive enteritis	NA	Fistula/Abscess/Stricture	Mod Diff	Rectum	WHITE	NA	NA	NA	NA	NA	1	857	Primary	Male	Matched	NA	NA	2	NA	NA	0.978719698	NA	40	NA	NA
bowel_colitis_msk_2022	P-0007999	P-0007999-T01-IM5	55	56	NA	NO	NA	NA	NA	Colorectal Cancer	Colon Adenocarcinoma	R side	NA	Mod-Poor	NA	Greater	NA	Non-Spanish; Non-Hispanic	Lungs, Peritoneum	0.0154	IMPACT410	NA	Crohn's	Active IBD	MSK-IMPACT	NA	NA	NA	NA	Yes	0	868	NA	0.25	Stable	11	COAD	2.137	1:DECEASED	NA	Yes	Unremarkable	NA	Bowel Symptoms	Mod-poorly Diff	Ascending Colon	WHITE	NA	No	NA	NA	NA	1	868	Primary	Female	Matched	No	NA	3	NA	Colon	21.53183335	NA	30	NA	NA
bowel_colitis_msk_2022	P-0009200	P-0009200-T01-IM5	64	65	NA	NO	NA	NA	NA	Colorectal Cancer	Colon Adenocarcinoma	L side	NA	NA	NA	Greater	NA	Non-Spanish; Non-Hispanic	Peritoneum	0.1989	IMPACT410	NA	Crohn's	Quiescent	MSK-IMPACT	NA	NA	NA	NA	NA	NA	830	Peritoneum	0.43	Stable	4	COAD	0.592	1:DECEASED	NA	Yes	NA	NA	Bowel Symptoms	Mod Diff	Descending Colon	WHITE	NA	No	NA	NA	NA	1	830	Metastasis	Female	Matched	NA	NA	4	NA	Peritoneum	7.829757581	NA	40	NA	NA
bowel_colitis_msk_2022	P-0009993	P-0009993-T01-IM5	70	75	NA	NO	NA	NA	NA	Colon Adenocarcinoma	Colon Adenocarcinoma	L side	NA	Mod	NA	Greater	NA	Non-Spanish; Non-Hispanic	Liver	0.1056	IMPACT410	NA	Crohn's	Quiescent	MSK-IMPACT	3_5_YEARS	Yes	0	NA	NA	95.2991453	733	NA	1.25	Stable	4	COAD	81.37	1:DECEASED	NA	NA	Unremarkable	NA	Bowel Symptoms	Mod Diff	Sigmoid	WHITE	NA	Yes	NA	NA	NA	1	733	Primary	Male	Matched	No	NA	4	NA	Colon	7.829757581	NA	50	NA	NA
bowel_colitis_msk_2022	P-0010009	P-0010009-T01-IM5	35	42	NA	NO	NA	58.02103879	NA	Colorectal Adenocarcinoma	Colorectal Adenocarcinoma	L side	NA	NA	NA	Greater	NA	Non-Spanish; Non-Hispanic	Lung	0.0141	IMPACT410	NA	UC	Procto/Colectomy	MSK-IMPACT	NA	Yes	0	NA	NA	NA	1178	Lung	0.08	Stable	3	COADREAD	19.003	0:LIVING	NA	NA	NA	NA	Imaging	Mod Diff	Rectum	WHITE	NA	Yes	NA	NA	NA	1	1178	Metastasis	Male	Matched	NA	NA	N/A	NA	Lung	5.872318186	NA	40	NA	NA
bowel_colitis_msk_2022	P-0010118	P-0010118-T01-IM5	48	49	NA	NO	NA	NA	NA	Colorectal Cancer	Signet Ring Cell Adenocarcinoma of the Colon and Rectum	L side	NA	Poor	NA	Greater	NA	Non-Spanish; Non-Hispanic	Peritoneum	0.0383	IMPACT410	NA	Crohn's	Active IBD	MSK-IMPACT	NA	NA	NA	NA	NA	NA	814	NA	0.15	Stable	4	SRCCR	15.584	1:DECEASED	NA	Yes	NA	NA	Bowel Symptoms	Poorly Diff	L Colon	WHITE	NA	No	NA	NA	NA	1	814	Primary	Male	Matched	Mucinous features, signet ring features	NA	4	NA	Colon	7.829757581	NA	20	NA	NA
bowel_colitis_msk_2022	P-0010497	P-0010497-T01-IM5	29	31	NA	NO	NA	NA	NA	Colorectal Adenocarcinoma	Colorectal Adenocarcinoma	L side	NA	Poor	NA	Greater	NA	Non-Spanish; Non-Hispanic	Peritoneum, Pelvis	0.0871	IMPACT410	NA	Crohn's	Quiescent	MSK-IMPACT	3_5_YEARS	NA	NA	NA	NA	NA	762	NA	0.69	Stable	8	COADREAD	22.685	1:DECEASED	NA	Yes	Chronic inactive enteritis	Yes	Bowel Symptoms	Poorly Diff	Sigmoid	WHITE	NA	No	NA	NA	NA	1	762	Primary	Female	Matched	No	NA	3	NA	Colon	15.65951516	NA	50	NA	NA
bowel_colitis_msk_2022	P-0010951	P-0010951-T01-IM5	37	38	NA	NO	NA	NA	NA	Small Bowel Cancer	Small Bowel Cancer	R side	NA	Mod	NA	Less	NA	Non-Spanish; Non-Hispanic	NA	0.0701	IMPACT410	NA	Crohn's	Active IBD	MSK-IMPACT	1_YEAR	NA	NA	NA	NA	NA	886	NA	0.49	Stable	3	SBC	NA	0:LIVING	NA	NA	Active enteritis	NA	Fistula/Abscess/Stricture	Mod Diff	Ileum	WHITE	NA	NA	NA	NA	NA	1	886	Primary	Male	Matched	No	NA	2	NA	Small Bowel	5.872318186	NA	20	NA	NA
bowel_colitis_msk_2022	P-0011184	P-0011184-T01-IM5	31	32	NA	NO	NA	NA	NA	Colorectal Cancer	Colon Adenocarcinoma	R side	NA	NA	NA	Greater	NA	Non-Spanish; Non-Hispanic	Liver	0.0034	IMPACT410	NA	UC	Active IBD	MSK-IMPACT	3_5_YEARS	Yes	0.06574622	NA	NA	29.12557528	980	NA	0	Stable	7	COAD	27.781	1:DECEASED	NA	NA	Active enteritis	NA	Bowel Symptoms	Mod Diff	Transverse Colon	WHITE	NA	No	NA	NA	NA	1	980	Primary	Male	Matched	NA	NA	4	NA	Colon	13.70207577	NA	30	NA	NA
bowel_colitis_msk_2022	P-0011396	P-0011396-T01-IM5	54	55	NA	NO	NA	NA	NA	Colorectal Cancer	Rectal Adenocarcinoma	L side	NA	Mod-Poor	NA	Greater	NA	Non-Spanish; Non-Hispanic	NA	0.0044	IMPACT410	NA	Crohn's	Active IBD	MSK-IMPACT	1_3_YEARS	NA	NA	NA	NA	NA	977	NA	0.6	Stable	6	READ	77.392	0:LIVING	NA	NA	Active enteritis	NA	Screening Colonoscopy	Mod-poorly Diff	Rectum	WHITE	NA	NA	NA	NA	NA	1	977	Primary	Male	Matched	Mucinous features; signet ring features	NA	1	NA	Rectum	11.74463637	NA	20	NA	NA
bowel_colitis_msk_2022	P-0011445	P-0011445-T01-IM5	43	44	NA	NO	NA	NA	NA	Colorectal Cancer	Rectal Adenocarcinoma	L side	NA	Mod	NA	Greater	NA	Non-Spanish; Non-Hispanic	NA	0.0579	IMPACT410	NA	Crohn's	Active IBD	MSK-IMPACT	1_3_YEARS	NA	NA	NA	NA	NA	906	NA	0	Stable	6	READ	49.019	1:DECEASED	NA	NA	Unremarkable	NA	Screening Colonoscopy	Mod-poorly Diff	Rectum	WHITE	NA	No	NA	NA	NA	1	906	Primary	Female	Matched	No	NA	3	NA	Rectum	11.74463637	NA	10	NA	NA
bowel_colitis_msk_2022	P-0012110	P-0012110-T01-IM5	35	36	NA	NO	Yes	0	NA	Colorectal Cancer	Rectal Adenocarcinoma	L side	NA	NA	NA	Greater	NA	Non-Spanish; Non-Hispanic	Liver, Lung, Bone	0.2484	IMPACT410	NA	Crohn's	Active IBD	MSK-IMPACT	1_YEAR	Yes	0	NA	Yes	0	991	Liver	0.39	Stable	3	READ	5.688	0:LIVING	NA	NA	NA	NA	Bowel Symptoms	Poorly Diff	Rectal	BLACK OR AFRICAN AMERICAN	NA	No	NA	NA	NA	1	991	Metastasis	Female	Matched	NA	NA	4	NA	Liver	5.872318186	NA	30	NA	NA
bowel_colitis_msk_2022	P-0012416	P-0012416-T01-IM5	69	70	NA	NO	NA	NA	NA	Small Bowel Cancer	Small Bowel Cancer	R side	NA	Mod	NA	Greater	NA	Non-Spanish; Non-Hispanic	NA	0.0046	IMPACT410	NA	Crohn's	Active IBD	MSK-IMPACT	NA	NA	NA	NA	NA	NA	1164	NA	0	Stable	9	SBC	74.926	0:LIVING	NA	NA	Active enteritis	NA	Fistula/Abscess/Stricture	Mod Diff	Ileocolonic Anastomosis	WHITE	NA	NA	NA	NA	NA	1	1164	Primary	Female	Matched	Mucinous	NA	2	NA	Colon	17.61695456	NA	30	NA	NA
bowel_colitis_msk_2022	P-0012723	P-0012723-T01-IM5	55	55	NA	NO	NA	NA	NA	Colorectal Cancer	Colon Adenocarcinoma	L side	NA	Mod	NA	Greater	NA	Non-Spanish; Non-Hispanic	Pelvis, Ovary	0.0419	IMPACT410	Yes	UC	Active IBD	MSK-IMPACT	1_3_YEARS	NA	NA	NA	NA	NA	1039	NA	0.14	Stable	4	COAD	2.729	1:DECEASED	NA	NA	NA	Yes	Bowel Symptoms	NA	Sigmoid	WHITE	NA	No	NA	NA	NA	1	1039	Primary	Female	Matched	No	NA	4	NA	Colon	5.872318186	NA	60	NA	NA
bowel_colitis_msk_2022	P-0014021	P-0014021-T01-IM5	58	60	NA	NO	NA	NA	NA	Colorectal Cancer	Rectal Adenocarcinoma	L side	NA	Mod	NA	Greater	NA	Non-Spanish; Non-Hispanic	NA	0.4702	IMPACT410	NA	Crohn's	Active IBD	MSK-IMPACT	1_3_YEARS	NA	NA	NA	NA	NA	917	Vagina	2.74	Stable	8	READ	13.315	1:DECEASED	NA	NA	Chronic inactive enteritis	NA	Fistula/Abscess/Stricture	Mod Diff	Rectum	WHITE	NA	No	NA	NA	NA	1	917	Primary	Female	Matched	Mucinous	NA	3	NA	Rectum	19.57439395	NA	30	NA	NA
bowel_colitis_msk_2022	P-0014499	P-0014499-T01-IM6	57	57	NA	NO	NA	NA	NA	Colorectal Cancer	Rectal Adenocarcinoma	L side	NA	Poor	NA	Greater	NA	Non-Spanish; Non-Hispanic	Peritoneum	0.0061	IMPACT468	NA	Crohn's	Active IBD	MSK-IMPACT	1_YEAR	NA	NA	NA	NA	NA	549	NA	0	Stable	2	READ	27.321	1:DECEASED	NA	Yes	Unremarkable	NA	Bowel Symptoms	Poorly Diff	Rectum	WHITE	NA	No	NA	NA	NA	1	549	Primary	Male	Matched	Signet ring cell	NA	3	NA	Rectum	3.45879238	NA	20	NA	NA
bowel_colitis_msk_2022	P-0015493	P-0015493-T01-IM6	57	69	NA	YES	NA	NA	NA	Small Bowel Cancer	Duodenal Adenocarcinoma	Small Intestine	NA	Poor	NA	Greater	NA	Non-Spanish; Non-Hispanic	NA	0.0054	IMPACT468	NA	Crohn's	Quiescent	MSK-IMPACT	NA	NA	NA	NA	NA	NA	664	NA	0.23	Do not report	2	DA	47.967	1:DECEASED	NA	NA	NA	NA	Bowel Symptoms	Poorly Diff	Small Intestine	WHITE	NA	No	NA	NA	NA	1	664	Primary	Male	Matched	Focal neuroendocrine component	NA	3	NA	Small Bowel	3.45879238	NA	20	NA	NA
bowel_colitis_msk_2022	P-0015635	P-0015635-T01-IM6	52	52	NA	NO	NA	NA	NA	Small Bowel Cancer	Small Bowel Cancer	Small Intestine	NA	Mod	NA	Greater	NA	Non-Spanish; Non-Hispanic	NA	0.1301	IMPACT468	NA	Crohn's	Active IBD	MSK-IMPACT	NA	NA	NA	NA	NA	NA	701	NA	0.55	Do not report	3	SBC	72.329	0:LIVING	NA	NA	Chronic inactive enteritis	NA	Fistula/Abscess/Stricture	Mod Diff	Ileum	WHITE	NA	NA	NA	NA	NA	1	701	Primary	Male	Matched	No	NA	2	NA	Small Bowel	5.18818857	NA	30	NA	NA
bowel_colitis_msk_2022	P-0016443	P-0016443-T02-IM6	38	38	NA	NO	NA	NA	NA	Cancer of Unknown Primary	Adenocarcinoma, NOS	Small Intestine	NA	Mod	NA	Greater	NA	Non-Spanish; Non-Hispanic	NA	0.0196	IMPACT468	NA	Crohn's	Active IBD	MSK-IMPACT	1_3_YEARS	NA	NA	NA	NA	NA	601	NA	0.15	Stable	2	ADNOS	69.008	0:LIVING	NA	NA	Active enteritis	NA	Fistula/Abscess/Stricture	Mod Diff	Ileum	WHITE	NA	NA	NA	NA	NA	1	601	Primary	Male	Matched	No	NA	2	NA	Small Bowel	3.45879238	NA	10	NA	NA
bowel_colitis_msk_2022	P-0017016	P-0017016-T01-IM6	45	50	NA	NO	NA	NA	NA	Colorectal Adenocarcinoma	Colorectal Adenocarcinoma	L side	NA	Mod	NA	Greater	NA	Non-Spanish; Non-Hispanic	NA	0.0239	IMPACT468	NA	UC	Active IBD	MSK-IMPACT	1_YEAR	NA	NA	NA	NA	NA	631	NA	0.77	Do not report	8	COADREAD	54.74	0:LIVING	NA	NA	Active enteritis	NA	Bowel Symptoms	Poorly Diff	Rectum	WHITE	NA	NA	NA	NA	NA	2	631	Primary	Female	Matched	No	NA	1	NA	Rectum	13.83516952	NA	60	NA	NA
bowel_colitis_msk_2022	P-0018857	P-0018857-T01-IM6	57	58	NA	NO	NA	10.02629849	NA	Small Bowel Cancer	Small Bowel Cancer	Small Intestine	NA	Poor	NA	Greater	NA	Non-Spanish; Non-Hispanic	Liver	0.1440	IMPACT468	NA	Crohn's	Active IBD	MSK-IMPACT	NA	Yes	0	NA	NA	NA	1096	Liver	0.97	Do not report	4	SBC	15.945	1:DECEASED	NA	NA	NA	NA	Fistula/Abscess/Stricture	Poorly Diff	Ileum	WHITE	NA	No	NA	NA	NA	1	1096	Metastasis	Female	Matched	Mucinous Features	NA	4	NA	Liver	6.91758476	NA	30	NA	NA
bowel_colitis_msk_2022	P-0019621	P-0019621-T01-IM6	40	44	NA	NO	NA	NA	NA	Colorectal Cancer	Rectal Adenocarcinoma	Anal Fistula	NA	NA	NA	Greater	NA	Non-Spanish; Non-Hispanic	NA	0.0567	IMPACT468	NA	Crohn's	Active IBD	MSK-IMPACT	NA	NA	NA	NA	NA	NA	350	Vagina	0.51	Stable	3	READ	65.392	0:LIVING	NA	NA	Active enteritis	NA	Fistula/Abscess/Stricture	Mod Diff	Anal	WHITE	NA	NA	NA	NA	NA	1	350	Metastasis	Female	Matched	NA	NA	N/A	NA	Vagina	5.18818857	NA	10	NA	NA
bowel_colitis_msk_2022	P-0020135	P-0020135-T01-IM6	35	36	NA	YES	NA	11.90006575	NA	Colorectal Cancer	Colon Adenocarcinoma	L side	NA	NA	NA	Greater	NA	Non-Spanish; Non-Hispanic	Liver	0.1548	IMPACT468	NA	Crohn's	Active IBD	MSK-IMPACT	NA	Yes	0	NA	NA	NA	766	NA	0.06	Stable	2	COAD	10.849	1:DECEASED	NA	NA	Unremarkable	NA	Bowel Symptoms	Mod Diff	Rectum	WHITE	NA	No	NA	NA	NA	1	766	Primary	Male	Matched	NA	NA	4	NA	Rectum	3.45879238	NA	20	NA	NA
bowel_colitis_msk_2022	P-0020480	P-0020480-T01-IM6	65	67	NA	NO	NA	NA	NA	Colorectal Cancer	Colon Adenocarcinoma	R side	NA	NA	NA	NA	NA	Non-Spanish; Non-Hispanic	Peritoneum	0.0166	IMPACT468	NA	Crohn's	NA	MSKCC	1_3_YEARS	NA	NA	NA	NA	NA	NA	Peritoneum	0.26	Stable	4	COAD	65.951	0:LIVING	NA	Yes	Active enteritis	NA	NA	Poorly Diff	Colon	WHITE	NA	No	NA	NA	NA	1	899	Metastasis	Male	Matched	NA	NA	2	NA	NA	3.45879238	NA	20	NA	NA
bowel_colitis_msk_2022	P-0021194	P-0021194-T01-IM6	33	43	NA	YES	NA	NA	NA	Colorectal Cancer	Colon Adenocarcinoma	R side	NA	NA	NA	Greater	NA	Non-Spanish; Non-Hispanic	LNs, Liver, Lungs	0.1334	IMPACT468	NA	UC	Active IBD	MSKCC	NA	Yes	1.808021039	Yes	Yes	1.808021039	NA	NA	0.37	Stable	3	COAD	64.931	0:LIVING	NA	NA	NA	NA	Metastatic Disease	Poorly Diff	Colon	WHITE	NA	No	NA	NA	NA	2	486	Primary	Female	Matched	NA	NA	4	NA	NA	2.594094285	NA	20	NA	NA
bowel_colitis_msk_2022	P-0021194	P-0021194-T03-IM7	33	48	NA	NO	NA	NA	NA	Colorectal Cancer	Colon Adenocarcinoma	L side	NA	NA	NA	Greater	NA	Non-Spanish; Non-Hispanic	Liver	NA	IMPACT505	NA	UC	Active IBD	MSKCC	NA	Yes	0	NA	NA	NA	NA	NA	NA	NA	9	COAD	64.931	0:LIVING	NA	NA	NA	NA	Screening Colonoscopy	Mod-poorly Diff	Colon	WHITE	NA	YES	NA	NA	NA	2	91	Primary	Female	Matched	NA	NA	4	NA	Primary	0	NA	20	NA	NA
bowel_colitis_msk_2022	P-0022329	P-0022329-T01-IM6	68	70	NA	NO	NA	NA	NA	Colorectal Cancer	Colon Adenocarcinoma	R side	NA	NA	NA	Greater	NA	Non-Spanish; Non-Hispanic	NA	0.1098	IMPACT468	NA	NA	Quiescent many years	MSKCC	NA	NA	NA	NA	NA	NA	NA	NA	0.07	Stable	9	COAD	58.849	1:DECEASED	NA	NA	Active enteritis	NA	Bowel Symptoms	Mod Diff	Sigmoid Colon	WHITE	NA	NA	NA	NA	NA	1	593	Primary	Male	Matched	NA	NA	NA	NA	Primary	15.56456571	NA	10	NA	NA
bowel_colitis_msk_2022	P-0022336	P-0022336-T01-IM6	38	42	NA	NO	NA	NA	NA	Colorectal Cancer	Colorectal Adenocarcinoma	L side	NA	NA	NA	Greater	NA	Non-Spanish; Non-Hispanic	NA	0.4442	IMPACT468	NA	Crohn's	Quiescent	MSK-IMPACT	1_YEAR	NA	NA	NA	NA	NA	688	NA	1.39	Stable	5	COADREAD	54.477	0:LIVING	NA	NA	Chronic inactive enteritis	NA	Fistula/Abscess/Stricture	Poorly Diff	Rectum	WHITE	NA	No	NA	NA	NA	1	688	Primary	Female	Matched	NA	NA	3	NA	Rectum	8.64698095	NA	60	NA	NA
bowel_colitis_msk_2022	P-0022822	P-0022822-T01-IM6	67	68	NA	YES	NA	NA	NA	Colorectal Cancer	Colon Adenocarcinoma	L side	NA	Poor	NA	Greater	NA	Non-Spanish; Non-Hispanic	NA	0.0856	IMPACT468	NA	UC	Active IBD	MSK-IMPACT	1_YEAR	NA	NA	NA	NA	NA	474	NA	0.24	Stable	6	COAD	58.356	0:LIVING	NA	NA	Active enteritis	NA	Bowel Symptoms	Poorly Diff	Rectosigmoid	WHITE	NA	NA	NA	NA	NA	1	474	Primary	Male	Matched	No	NA	3	NA	Colon	8.64698095	NA	20	NA	NA
bowel_colitis_msk_2022	P-0025046	P-0025046-T01-IM6	51	51	NA	NO	NA	22.55095332	NA	Colorectal Cancer	Rectal Adenocarcinoma	L side	NA	Mod-Poor	NA	Greater	NA	Non-Spanish; Non-Hispanic	LN	0.4568	IMPACT468	NA	Crohn's	Active IBD	MSK-IMPACT	1_3_YEARS	NA	NA	Yes	NA	11.27547666	562	NA	1.3	Stable	4	READ	51.386	1:DECEASED	NA	NA	Unremarkable	NA	Bowel Symptoms	Mod-poorly Diff	Rectum	WHITE	NA	No	NA	NA	NA	1	562	Primary	Male	Matched	No	NA	3	NA	Rectum	6.91758476	NA	80	NA	NA
bowel_colitis_msk_2022	P-0027113	P-0027113-T01-IM6	51	53	NA	NO	NA	NA	NA	Colorectal Cancer	Colon Adenocarcinoma	L side	NA	NA	NA	Greater	NA	Non-Spanish; Non-Hispanic	Liver	0.1849	IMPACT468	NA	UC	Active IBD	MSKCC	1_3_YEARS	Yes	0	NA	NA	NA	NA	NA	0.26	Stable	6	COAD	10.685	1:DECEASED	NA	NA	Active enteritis	NA	Bowel Symptoms	Poorly Diff	Colon	WHITE	NA	No	NA	NA	NA	1	512	Primary	Female	Matched	NA	NA	3	NA	NA	5.18818857	NA	20	NA	NA
bowel_colitis_msk_2022	P-0027647	P-0027647-T01-IM6	65	67	NA	NO	NA	36.68639053	NA	Colorectal Cancer	Colon Adenocarcinoma	L side	NA	NA	NA	Greater	NA	Non-Spanish; Non-Hispanic	Liver	0.1690	IMPACT468	NA	UC	Quiescent	MSKCC	>5_YEARS	Yes	0	NA	NA	16.89677844	NA	Liver	0.16	Stable	6	COAD	30.838	1:DECEASED	NA	NA	Chronic inactive enteritis	NA	Fistula/Abscess/Stricture	Mod Diff	Colon	WHITE	NA	Yes	NA	NA	NA	1	610	Metastasis	Female	Matched	NA	NA	4	NA	NA	5.18818857	NA	30	NA	NA
bowel_colitis_msk_2022	P-0028512	P-0028512-T01-IM6	66	76	NA	NO	NA	NA	NA	Colorectal Cancer	Colon Adenocarcinoma	R side	NA	NA	NA	Greater	NA	Non-Spanish; Non-Hispanic	Liver	0.3706	IMPACT468	NA	UC	Active IBD	MSKCC	NA	Yes	0	NA	NA	NA	NA	Liver	9.98	Do not report	12	COAD	55.956	0:LIVING	NA	NA	Unremarkable	NA	Screening Colonoscopy	Mod-poorly Diff	Colon	WHITE	NA	Yes	NA	NA	NA	1	109	Metastasis	Female	Matched	NA	NA	3	NA	NA	10.37637714	NA	70	NA	NA
bowel_colitis_msk_2022	P-0028913	P-0028913-T01-IM6	52	54	NA	NO	Yes	0	NA	Colorectal Cancer	Rectal Adenocarcinoma	L side	NA	Mod-Poor	NA	Greater	NA	Non-Spanish; Non-Hispanic	Lung, Liver, Bone	0.7965	IMPACT468	NA	UC	Quiescent	MSK-IMPACT	1_3_YEARS	Yes	0	NA	Yes	0	708	NA	1.21	Stable	9	READ	7.2	1:DECEASED	NA	NA	Chronic inactive enteritis	NA	Screening Colonoscopy	Mod-poorly Diff	Rectum	WHITE	NA	No	NA	NA	NA	1	708	Primary	Male	Matched	No	NA	3	NA	Rectum	15.56456571	NA	50	NA	NA
bowel_colitis_msk_2022	P-0029060	P-0029060-T01-IM6	64	67	NA	NO	Yes	0	NA	Small Bowel Cancer	Small Bowel Cancer	Small Intestine	NA	Mod	NA	Greater	NA	Non-Spanish; Non-Hispanic	Bone, Liver, LNs, Lungs	0.2306	IMPACT468	NA	Crohn's	Active IBD	MSK-IMPACT	NA	Yes	0	Yes	Yes	0	556	NA	0	Stable	4	SBC	1.085	1:DECEASED	NA	NA	Active enteritis	NA	Bowel Symptoms	Mod Diff	Small Intestine	WHITE	NA	No	NA	NA	NA	1	556	Primary	Male	Matched	No	NA	2	NA	Small Bowel	6.91758476	NA	30	NA	NA
bowel_colitis_msk_2022	P-0030802	P-0030802-T01-IM6	47	50	NA	NO	NA	NA	NA	Colorectal Cancer	Mucinous Adenocarcinoma of the Colon and Rectum	L side	NA	NA	NA	Greater	NA	Non-Spanish; Non-Hispanic	PAO	0.1158	IMPACT468	NA	UC	Procto/Colectomy	MSKCC	1_YEAR	NA	NA	NA	NA	NA	NA	Pelvis	0	Stable	5	MACR	30.904	1:DECEASED	NA	NA	Active enteritis	Yes	Bowel Symptoms	Mod-poorly Diff	Colon	WHITE	NA	No	NA	NA	NA	1	517	Primary	Female	Matched	NA	NA	3	NA	NA	4.323490475	NA	30	NA	NA
bowel_colitis_msk_2022	P-0030865	P-0030865-T01-IM6	43	44	NA	NO	NA	NA	NA	Colorectal Cancer	Mucinous Adenocarcinoma of the Colon and Rectum	L side	NA	Mod	NA	Greater	NA	Non-Spanish; Non-Hispanic	Skin	0.0386	IMPACT468	NA	Crohn's	Active IBD	MSK-IMPACT	1_3_YEARS	NA	NA	NA	NA	NA	569	NA	0	Stable	5	MACR	16.077	1:DECEASED	Yes	NA	Chronic inactive enteritis	NA	Fistula/Abscess/Stricture	Mod Diff	Rectum	WHITE	NA	No	NA	NA	NA	1	569	Primary	Male	Matched	mucinous	NA	4	NA	Rectum	8.64698095	NA	30	NA	NA
bowel_colitis_msk_2022	P-0032010	P-0032010-T01-IM6	46	47	NA	YES	NA	NA	NA	Colorectal Cancer	Signet Ring Cell Adenocarcinoma of the Colon and Rectum	R side	NA	Poor	NA	Less	NA	Non-Spanish; Non-Hispanic	Peritoneum	0.0155	IMPACT468	NA	Crohn's	Active IBD	MSK-IMPACT	1_3_YEARS	NA	NA	NA	NA	NA	512	NA	0	Stable	7	SRCCR	52.077	0:LIVING	NA	Yes	Active enteritis	NA	Bowel Symptoms	Poorly Diff	Transverse Colon	WHITE	NA	No	NA	NA	NA	1	512	Primary	Male	Matched	Signet ring	NA	4	NA	Colon	12.10577333	NA	30	NA	NA
bowel_colitis_msk_2022	P-0032044	P-0032044-T01-IM6	62	66	NA	YES	NA	33.00460224	NA	Colorectal Adenocarcinoma	Colorectal Adenocarcinoma	L side	NA	Poor	NA	Greater	NA	Non-Spanish; Non-Hispanic	Liver, LNs	0.1257	IMPACT468	NA	UC	Active IBD	MSK-IMPACT	NA	Yes	0	Yes	NA	15.97633136	396	Liver	0.15	Stable	4	COADREAD	3.814	1:DECEASED	NA	NA	Active enteritis	NA	Bowel Symptoms	Poorly Diff	Rectum	WHITE	NA	No	NA	NA	NA	1	396	Metastasis	Female	Matched	No	NA	4	NA	Liver	6.91758476	NA	60	NA	NA
bowel_colitis_msk_2022	P-0032052	P-0032052-T01-IM6	77	82	NA	NO	NA	NA	NA	Colorectal Cancer	Colon Adenocarcinoma	R side	NA	NA	NA	Greater	NA	Unknown whether Spanish or not	N/A	0.1126	IMPACT468	NA	UC	Active IBD	MSKCC	1_YEAR	NA	NA	NA	NA	NA	NA	NA	0.16	Stable	4	COAD	4.8	1:DECEASED	NA	NA	Active enteritis	NA	Bowel Symptoms	Mod Diff	Colon	WHITE	NA	No	NA	NA	NA	1	337	Primary	Male	Matched	NA	NA	2	NA	NA	3.45879238	NA	20	NA	NA
bowel_colitis_msk_2022	P-0032985	P-0032985-T01-IM6	70	76	NA	YES	NA	NA	NA	Small Bowel Cancer	Small Bowel Cancer	Small Intestine	NA	Well	NA	Greater	NA	Non-Spanish; Non-Hispanic	NA	0.3646	IMPACT468	NA	Crohn's	Active IBD	MSK-IMPACT	NA	NA	NA	NA	NA	NA	534	NA	0.54	Stable	7	SBC	43.956	1:DECEASED	NA	NA	Active enteritis	NA	Bowel Symptoms	Mod Diff	Ileum	WHITE	NA	No	NA	NA	NA	1	534	Primary	Male	Matched	No	NA	2	NA	Small Bowel	12.10577333	NA	50	NA	NA
bowel_colitis_msk_2022	P-0033141	P-0033141-T01-IM6	75	75	NA	YES	NA	NA	NA	Colorectal Cancer	Colon Adenocarcinoma	L side	NA	Poor	NA	Greater	NA	Non-Spanish; Non-Hispanic	Pelvis	0.0044	IMPACT468	NA	UC	Quiescent	MSK-IMPACT	>5_YEARS	NA	NA	NA	NA	NA	643	NA	0	Stable	7	COAD	4.668	1:DECEASED	NA	NA	NA	Yes	Bowel Symptoms	Poorly Diff	Sigmoid	BLACK OR AFRICAN AMERICAN	NA	No	NA	NA	NA	1	643	Primary	Female	Matched	Mucinous features, signet ring features	NA	4	NA	Colon	12.10577333	NA	10	NA	NA
bowel_colitis_msk_2022	P-0033800	P-0033800-T01-IM6	46	49	NA	YES	Yes	1.347797502	NA	Rectal Adenocarcinoma	Rectal Adenocarcinoma	L side	NA	NA	NA	Greater	NA	Non-Spanish; Non-Hispanic	Bone	0.1105	IMPACT468	NA	Crohn's	Quiescent	MSKCC	NA	NA	32.05128205	NA	NA	32.05128205	NA	NA	0	Stable	4	READ	18.937	1:DECEASED	NA	NA	Chronic inactive enteritis	NA	Bowel Symptoms	Mod-poorly Diff	Rectum	PT REFUSED TO ANSWER	NA	No	NA	NA	NA	1	576	Primary	Male	Matched	NA	NA	4	NA	NA	3.45879238	NA	30	NA	NA
bowel_colitis_msk_2022	P-0033938	P-0033938-T01-IM6	57	57	NA	NO	NA	9.59894806	NA	Rectal Adenocarcinoma	Rectal Adenocarcinoma	Anal Fistula	NA	Mod	NA	Greater	NA	Non-Spanish; Non-Hispanic	LNs	0.0054	IMPACT468	NA	Crohn's	Active IBD	MSK-IMPACT	NA	NA	28.43523997	Yes	NA	NA	833	Vagina	0	Stable	23	READ	36.263	1:DECEASED	NA	NA	NA	NA	Fistula/Abscess/Stricture	Mod Diff	Anal	WHITE	NA	No	NA	NA	NA	1	833	Primary	Female	Matched	No	NA	3	NA	Vagina	39.77611237	NA	20	NA	NA
bowel_colitis_msk_2022	P-0035209	P-0035209-T01-IM6	63	63	NA	YES	NA	NA	NA	Colorectal Cancer	Colorectal Adenocarcinoma	L side	NA	Mod	NA	Less	NA	Non-Spanish; Non-Hispanic	NA	0.0662	IMPACT468	NA	UC	Active IBD	MSK-IMPACT	>5_YEARS	NA	NA	NA	NA	NA	632	NA	0	Stable	6	COADREAD	47.342	0:LIVING	NA	NA	Active enteritis	NA	Screening Colonoscopy	Mod Diff	Descending Colon	WHITE	NA	NA	NA	NA	NA	1	632	Primary	Male	Matched	No	NA	0 (CIS)	NA	Colon	10.37637714	NA	20	NA	NA
bowel_colitis_msk_2022	P-0035721	P-0035721-T01-IM6	60	60	NA	NO	NA	NA	NA	Cancer of Unknown Primary	Adenocarcinoma, NOS	Small Intestine	NA	NA	NA	Greater	NA	Non-Spanish; Non-Hispanic	Liver	0.2154	IMPACT468	NA	Crohn's	Active IBD	MSK-IMPACT	1_3_YEARS	Yes	0	NA	NA	NA	442	Liver	0.35	Stable	3	ADNOS	8.482	1:DECEASED	NA	NA	NA	NA	Bowel Symptoms	NA	Ileum	ASIAN-FAR EAST/INDIAN SUBCONT	NA	No	NA	NA	NA	1	442	Metastasis	Female	Matched	NA	NA	4	NA	Liver	5.18818857	NA	30	NA	NA
bowel_colitis_msk_2022	P-0035830	P-0035830-T01-IM6	67	72	NA	NO	NA	NA	NA	Colorectal Cancer	Colon Adenocarcinoma	L side	NA	NA	NA	Greater	NA	Non-Spanish; Non-Hispanic	NA	0.0020	IMPACT468	NA	UC	Active IBD	MSKCC	1_3_YEARS	NA	NA	NA	NA	NA	NA	NA	0	Stable	3	COAD	26.466	0:LIVING	NA	NA	Active enteritis	NA	Screening Colonoscopy	Mod Diff	Rectosigmoid Colon	WHITE	NA	NA	NA	NA	NA	1	372	Primary	Female	Matched	NA	NA	1	NA	NA	2.594094285	NA	10	NA	NA
bowel_colitis_msk_2022	P-0035913	P-0035913-T01-IM6	49	52	NA	NO	NA	NA	NA	Colorectal Cancer	Rectal Adenocarcinoma	L side	NA	Poor	NA	Greater	NA	Non-Spanish; Non-Hispanic	NA	0.4260	IMPACT468	NA	UC	Active IBD	MSK-IMPACT	1_3_YEARS	NA	NA	NA	NA	NA	507	NA	0.52	Stable	4	READ	33.83	0:LIVING	NA	NA	Active enteritis	NA	Screening Colonoscopy	Poorly Diff	Rectum	WHITE	NA	NA	NA	NA	NA	1	507	Primary	Male	Matched	mucinous	NA	1	NA	Rectum	6.91758476	NA	50	NA	NA
bowel_colitis_msk_2022	P-0036024	P-0036024-T01-IM6	65	66	NA	NO	NA	NA	NA	Cancer of Unknown Primary	Adenocarcinoma, NOS	NA	NA	NA	NA	Greater	NA	Non-Spanish; Non-Hispanic	Pelvis	0.0165	IMPACT468	NA	UC	Active IBD	MSKCC	1_3_YEARS	NA	NA	NA	NA	NA	NA	Pelvis	0	Do not report	NA	ADNOS	47.77	0:LIVING	NA	NA	Active enteritis	Yes	Fistula/Abscess/Stricture	Mod Diff	Anus	WHITE	NA	Yes	NA	NA	NA	1	850	Primary	Male	Matched	NA	NA	4	NA	NA	0	NA	10	NA	NA
bowel_colitis_msk_2022	P-0039752	P-0039752-T01-IM6	56	56	NA	NO	NA	NA	NA	Colorectal Cancer	Colon Adenocarcinoma	L side	NA	Mod-Poor	NA	Less	NA	Non-Spanish; Non-Hispanic	NA	0.6131	IMPACT468	NA	UC	No Prior Symptoms	MSK-IMPACT	NA	NA	NA	NA	NA	NA	530	NA	0.93	Stable	9	COAD	43.101	0:LIVING	NA	NA	Active enteritis	NA	Bowel Symptoms	Mod-poorly Diff	Transverse Colon-Descending	WHITE	NA	NA	NA	NA	NA	1	530	Primary	Male	Matched	No	NA	3	NA	Colon	15.56456571	NA	60	NA	NA
bowel_colitis_msk_2022	P-0040030	P-0040030-T01-IM6	37	38	NA	YES	NA	NA	NA	Colon Adenocarcinoma	Colon Adenocarcinoma	R side	NA	Mod	NA	Greater	NA	Non-Spanish; Non-Hispanic	NA	0.0006	IMPACT468	NA	Crohn's	Active IBD	MSK-IMPACT	1_YEAR	NA	NA	NA	NA	NA	741	NA	0	Stable	4	COAD	32.877	0:LIVING	NA	NA	Active enteritis	NA	Bowel Symptoms	Mod Diff	Cecum	WHITE	NA	NA	NA	NA	NA	1	741	Primary	Male	Matched	Focal mucinous features	NA	2	NA	Colon	5.18818857	NA	20	NA	NA
bowel_colitis_msk_2022	P-0040338	P-0040338-T01-IM6	39	40	NA	NO	NA	NA	NA	Colorectal Cancer	Colon Adenocarcinoma	R side	NA	NA	NA	Less	NA	NA	Liver	0.0002	IMPACT468	NA	Crohn's	Active IBD	MSK-IMPACT	1_3_YEARS	Yes	0	NA	NA	NA	630	NA	0.07	Stable	2	COAD	3.814	0:LIVING	NA	NA	NA	NA	Metastatic Disease	Poorly Diff	Cecum	UNKNOWN	NA	No	NA	NA	NA	1	630	Primary	Female	Matched	NA	NA	4	NA	Colon	3.45879238	NA	10	NA	NA
bowel_colitis_msk_2022	P-0040342	P-0040342-T01-IM6	51	53	NA	NO	NA	0.657462196	NA	Colorectal Adenocarcinoma	Colorectal Adenocarcinoma	L side	NA	NA	NA	Greater	NA	Non-Spanish; Non-Hispanic	LNs	0.2581	IMPACT468	NA	UC	Procto/Colectomy	MSKCC	>5_YEARS	NA	NA	Yes	NA	NA	NA	NA	0.3	Stable	7	COADREAD	1.907	1:DECEASED	NA	NA	NA	NA	Bowel Symptoms	Poorly Diff	Rectum	WHITE	NA	No	NA	NA	NA	1	422	Primary	Male	Matched	NA	NA	4	NA	NA	6.052886665	NA	60	NA	NA
bowel_colitis_msk_2022	P-0040508	P-0040508-T01-IM6	36	49	NA	NO	NA	NA	NA	Rectal Adenocarcinoma	Rectal Adenocarcinoma	R side	NA	NA	NA	Greater	NA	Non-Spanish; Non-Hispanic	Liver	0.1246	IMPACT468	NA	UC	Active IBD	MSKCC	1_YEAR	Yes	2.728468113	NA	NA	NA	NA	NA	0.05	Stable	11	READ	42.049	0:LIVING	NA	NA	NA	NA	Bowel Symptoms	Mod Diff	Rectum	WHITE	NA	No	NA	NA	NA	1	647	Primary	Female	Matched	NA	NA	4	NA	NA	9.511679045	NA	30	NA	NA
bowel_colitis_msk_2022	P-0041605	P-0041605-T01-IM6	63	64	NA	YES	NA	NA	NA	Colon Adenocarcinoma	Colon Adenocarcinoma	L side	NA	NA	NA	Greater	NA	Non-Spanish; Non-Hispanic	NA	0.4961	IMPACT468	NA	UC	Quiescent	MSK-IMPACT	>5_YEARS	NA	NA	NA	NA	NA	651	NA	2.12	Stable	4	COAD	39.748	0:LIVING	NA	NA	Active enteritis	NA	Bowel Symptoms	Mod Diff	Descending Colon	WHITE	NA	NA	NA	NA	NA	1	651	Primary	Female	Matched	NA	NA	2	NA	Colon	6.91758476	NA	60	NA	NA
bowel_colitis_msk_2022	P-0041972	P-0041972-T01-IM6	54	68	NA	YES	NA	NA	NA	Colon Adenocarcinoma	Colon Adenocarcinoma	L side	NA	NA	NA	Greater	NA	Non-Spanish; Non-Hispanic	Liver	0.0104	IMPACT468	NA	UC	Active IBD	MSK-IMPACT	1_YEAR	Yes	0	NA	NA	NA	659	Liver	0	Stable	5	COAD	39.485	0:LIVING	NA	NA	NA	NA	Bowel Symptoms	NA	Rectum	WHITE	NA	Yes	NA	NA	NA	1	659	Metastasis	Male	Matched	NA	NA	4	NA	Liver	8.64698095	NA	30	NA	NA
bowel_colitis_msk_2022	P-0042542	P-0042542-T01-IM6	53	54	NA	YES	NA	NA	NA	Colon Adenocarcinoma	Colon Adenocarcinoma	L side	NA	Poor	NA	Greater	NA	Non-Spanish; Non-Hispanic	Peritoneum	0.0015	IMPACT468	NA	Crohn's	Active IBD	MSK-IMPACT	1_YEAR	NA	NA	NA	NA	NA	509	Peritoneum	0	Stable	7	COAD	35.638	1:DECEASED	NA	Yes	NA	NA	Screening Colonoscopy	Poorly Diff	Splenic Flexure	WHITE	NA	Yes	NA	NA	NA	1	509	Metastasis	Male	Matched	Mucinous features	NA	4	NA	Peritoneum	12.10577333	NA	10	NA	NA
bowel_colitis_msk_2022	P-0042861	P-0042861-T01-IM6	38	39	NA	YES	NA	NA	NA	Colon Adenocarcinoma	Colon Adenocarcinoma	L side	NA	NA	NA	Greater	NA	Non-Spanish; Non-Hispanic	N/A	0.0564	IMPACT468	NA	Crohn's	Active IBD	Other Institute	1_YEAR	NA	NA	NA	NA	NA	NA	NA	0.11	Stable	9	COAD	0.23	0:LIVING	NA	NA	Active enteritis	NA	Screening Colonoscopy	Poorly Diff	Sigmoid Colon	ASIAN-FAR EAST/INDIAN SUBCONT	NA	NA	NA	NA	NA	1	637	Primary	Male	Matched	NA	NA	3	NA	NA	7.782282855	NA	20	NA	NA
bowel_colitis_msk_2022	P-0043352	P-0043352-T01-IM6	52	53	NA	YES	NA	NA	NA	Rectal Adenocarcinoma	Rectal Adenocarcinoma	L side	NA	Poor	NA	Greater	NA	Non-Spanish; Non-Hispanic	LNs	0.0067	IMPACT468	NA	UC	Active IBD	MSK-IMPACT	>5_YEARS	NA	NA	Yes	NA	NA	852	NA	0	Stable	3	READ	20.647	1:DECEASED	NA	NA	NA	NA	Bowel Symptoms	Poorly Diff	Rectum	WHITE	NA	No	NA	NA	NA	1	852	Primary	Male	Matched	Signet ring cell	NA	4	NA	Rectum	5.18818857	NA	10	NA	NA
bowel_colitis_msk_2022	P-0043364	P-0043364-T02-IM6	32	34	NA	YES	NA	26.42998028	NA	Colon Adenocarcinoma	Colon Adenocarcinoma	R side	NA	NA	NA	Greater	NA	Unknown whether Spanish or not	Liver	0.0981	IMPACT468	NA	UC	Active IBD	MSKCC	1_YEAR	Yes	13.90532544	NA	NA	26.42998028	NA	Liver	0.17	Stable	3	COAD	24.921	1:DECEASED	NA	NA	Active enteritis	NA	Imaging	Poorly Diff	Colon	PT REFUSED TO ANSWER	NA	No	NA	NA	NA	1	348	Metastasis	Female	Matched	NA	NA	4	NA	NA	2.594094285	NA	40	NA	NA
bowel_colitis_msk_2022	P-0043870	P-0043870-T01-IM6	62	62	NA	YES	NA	NA	NA	Rectal Adenocarcinoma	Rectal Adenocarcinoma	L side	NA	NA	NA	Greater	NA	Non-Spanish; Non-Hispanic	NA	0.1562	IMPACT468	NA	Crohn's	Active IBD	MSKCC	1_3_YEARS	NA	NA	NA	NA	NA	NA	NA	0	Stable	3	READ	31.792	1:DECEASED	NA	NA	Active enteritis	NA	Screening Colonoscopy	Mod-poorly Diff	Rectum	WHITE	NA	NA	NA	NA	NA	1	678	Primary	Male	Matched	NA	NA	3	NA	NA	2.594094285	NA	20	NA	NA
bowel_colitis_msk_2022	P-0044779	P-0044779-T01-IM6	45	45	NA	YES	NA	NA	NA	Colorectal Adenocarcinoma	Colorectal Adenocarcinoma	L side	NA	NA	NA	Greater	NA	Non-Spanish; Non-Hispanic	NA	0.0974	IMPACT468	NA	UC	Active IBD	Other Institute	NA	NA	NA	NA	NA	NA	NA	NA	0.17	Stable	5	COADREAD	35.54	0:LIVING	NA	NA	Active enteritis	NA	Fistula/Abscess/Stricture	Mod Diff	Ascending colon	WHITE	NA	NA	NA	NA	NA	1	694	Primary	Male	Matched	NA	NA	3	NA	NA	4.323490475	NA	30	NA	NA
bowel_colitis_msk_2022	P-0045185	P-0045185-T01-IM6	36	36	NA	YES	NA	NA	NA	Colorectal Cancer	Colon Adenocarcinoma	R side	NA	Poor	NA	Greater	NA	Non-Spanish; Non-Hispanic	NA	0.1268	IMPACT468	NA	Crohn's	Active IBD	MSK-IMPACT	1_3_YEARS	NA	NA	NA	NA	NA	731	NA	0	Stable	5	COAD	0.329	0:LIVING	NA	NA	Active enteritis	NA	Screening Colonoscopy	Poorly Diff	Ascending Colon	WHITE	NA	NA	NA	NA	NA	3	611	Primary	Female	Matched	Mucinous features, signet ring features	NA	3	NA	Colon	8.64698095	NA	10	NA	NA
bowel_colitis_msk_2022	P-0045185	P-0045185-T02-IM6	36	36	NA	NO	NA	NA	NA	Colorectal Cancer	Colon Adenocarcinoma In Situ	NA	NA	Poor	NA	Greater	NA	Non-Spanish; Non-Hispanic	NA	0.1757	IMPACT468	NA	Crohn's	Active IBD	MSK-IMPACT	1_3_YEARS	NA	NA	NA	NA	NA	611	NA	0.17	Stable	5	CAIS	0.329	0:LIVING	NA	NA	Active enteritis	NA	Screening Colonoscopy	Poorly Diff	Hepatic Flexure	WHITE	NA	NA	NA	NA	NA	3	731	Primary	Female	Matched	Mucinous features, signet ring features	NA	3	NA	Colon	8.64698095	NA	20	NA	NA
bowel_colitis_msk_2022	P-0045185	P-0045185-T03-IM6	36	36	NA	YES	NA	NA	NA	Colorectal Cancer	Mucinous Adenocarcinoma of the Colon and Rectum	NA	NA	Poor	NA	Greater	NA	Non-Spanish; Non-Hispanic	NA	0.0835	IMPACT468	NA	Crohn's	Active IBD	MSK-IMPACT	1_3_YEARS	NA	NA	NA	NA	NA	642	NA	0.19	Stable	8	MACR	0.329	0:LIVING	NA	NA	Active enteritis	NA	Screening Colonoscopy	Poorly Diff	Ascending Colon	WHITE	NA	NA	NA	NA	NA	3	642	Primary	Female	Matched	Mucinous features, signet ring features	NA	3	NA	Colon	13.83516952	NA	20	NA	NA
bowel_colitis_msk_2022	P-0045221	P-0045221-T01-IM6	50	50	NA	YES	NA	NA	NA	Rectal Adenocarcinoma	Rectal Adenocarcinoma	L side	NA	NA	NA	Greater	NA	Non-Spanish; Non-Hispanic	NA	0.0619	IMPACT468	NA	UC	Quiescent	MSK-IMPACT	NA	NA	NA	NA	NA	NA	711	NA	0.32	Stable	5	READ	15.123	0:LIVING	NA	NA	Active enteritis	NA	Bowel Symptoms	Mod Diff	Rectum	WHITE	NA	NA	NA	NA	NA	1	711	Primary	Female	Matched	NA	NA	3	NA	Rectum	8.64698095	NA	50	NA	NA
bowel_colitis_msk_2022	P-0045240	P-0045240-T01-IM6	43	44	NA	NO	NA	NA	NA	Colorectal Cancer	Colon Adenocarcinoma	R side	NA	Mod	NA	Greater	NA	Non-Spanish; Non-Hispanic	Liver	0.0566	IMPACT468	NA	Crohn's	Active IBD	MSK-IMPACT	>5_YEARS	Yes	0	NA	NA	NA	553	NA	0	Stable	3	COAD	36.131	1:DECEASED	NA	NA	Unremarkable	NA	Bowel Symptoms	Mod Diff	Cecum	WHITE	NA	No	NA	NA	NA	1	553	Primary	Male	Matched	No	NA	4	NA	Colon	5.18818857	NA	10	NA	NA
bowel_colitis_msk_2022	P-0045463	P-0045463-T01-IM6	84	85	NA	NO	NA	NA	NA	Colon Adenocarcinoma	Colon Adenocarcinoma	L side	NA	NA	NA	Greater	NA	Non-Spanish; Non-Hispanic	N/A	0.2235	IMPACT468	NA	Crohn's	Active IBD	MSKCC	NA	NA	NA	NA	NA	NA	NA	NA	0.05	Stable	13	COAD	26.334	0:LIVING	NA	NA	Unremarkable	NA	Screening Colonoscopy	Mod Diff	Descending Colon	WHITE	NA	NA	NA	NA	NA	1	656	Primary	Male	Matched	NA	NA	1	NA	NA	11.24107523	NA	30	NA	NA
bowel_colitis_msk_2022	P-0046695	P-0046695-T01-IM6	56	56	NA	NO	NA	17.91584484	NA	Colorectal Cancer	Colon Adenocarcinoma	L side	NA	NA	NA	Greater	NA	Non-Spanish; Non-Hispanic	Peritoneum, Ovaries	0.0175	IMPACT468	Yes	UC	Active IBD	MSKCC	1_3_YEARS	NA	NA	NA	NA	NA	NA	NA	0.06	Stable	2	COAD	26.236	1:DECEASED	NA	Yes	Chronic inactive enteritis	NA	Screening Colonoscopy	Mod Diff	Sigmoid Colon	WHITE	NA	Yes	NA	NA	NA	1	513	Primary	Female	Matched	NA	NA	4	NA	NA	1.72939619	NA	20	NA	NA
bowel_colitis_msk_2022	P-0047212	P-0047212-T01-IM6	45	46	NA	NO	NA	5.358316897	NA	Colorectal Cancer	Rectal Adenocarcinoma	L side	NA	NA	NA	Greater	NA	Spanish  NOS; Hispanic NOS, Latino NOS	Lymph Nodes	0.3779	IMPACT468	NA	UC	Active IBD	NA	>5_YEARS	NA	NA	Yes	NA	13.54372124	NA	NA	0.29	Stable	9	READ	14.827	1:DECEASED	NA	NA	NA	NA	Bowel Symptoms	Mod Diff	Rectum	OTHER	NA	No	NA	NA	NA	1	738	Primary	Male	Matched	NA	NA	3	NA	NA	7.782282855	NA	20	NA	NA
bowel_colitis_msk_2022	P-0047449	P-0047449-T01-IM6	36	36	NA	YES	NA	NA	NA	Colorectal Cancer	Colon Adenocarcinoma	L side	NA	NA	NA	Greater	NA	Non-Spanish; Non-Hispanic	Peritoneum	0.3144	IMPACT468	NA	UC	Active IBD	MOUNT SINAI MEDICAL CENTER,DEPARTMENT OF PATHOLOGY- BOX 1194,ONE GUSTAVE L. LEVY PLACE,NEW YORK NY 10029,212-241-2675	1_3_YEARS	NA	NA	NA	NA	NA	NA	NA	0.6	Stable	3	COAD	11.079	1:DECEASED	NA	Yes	Active enteritis	NA	Bowel Symptoms	Poorly Diff	Sigmoid Colon	WHITE	NA	No	NA	NA	NA	1	703	Primary	Male	Matched	NA	NA	4	NA	NA	2.594094285	NA	30	NA	NA
bowel_colitis_msk_2022	P-0047764	P-0047764-T01-IM6	81	82	NA	YES	NA	NA	NA	Colorectal Cancer	Rectal Adenocarcinoma	L side	NA	NA	NA	Greater	NA	Non-Spanish; Non-Hispanic	NA	0.2484	IMPACT468	NA	UC	Active IBD	MSKCC	1_3_YEARS	NA	NA	NA	NA	NA	NA	NA	0.34	Stable	7	READ	36.394	0:LIVING	NA	NA	Active enteritis	NA	Bowel Symptoms	Mod-poorly Diff	Rectum	WHITE	NA	NA	NA	NA	NA	1	832	Primary	Male	Matched	NA	NA	3	NA	NA	6.052886665	NA	40	NA	NA
bowel_colitis_msk_2022	P-0048828	P-0048828-T01-IM6	32	32	NA	YES	NA	NA	NA	Colon Adenocarcinoma	Colon Adenocarcinoma	R side	NA	NA	NA	Greater	NA	Non-Spanish; Non-Hispanic	Peritoneum	0.0026	IMPACT468	NA	UC	Active IBD	Other Institute	1_YEAR	NA	NA	NA	NA	NA	NA	NA	0.07	Stable	3	COAD	11.967	1:DECEASED	NA	Yes	NA	NA	Bowel Symptoms	NA	Ascending Colon	WHITE	NA	No	NA	NA	NA	1	571	Primary	Female	Matched	NA	NA	4	NA	NA	2.594094285	NA	10	NA	NA
bowel_colitis_msk_2022	P-0048971	P-0048971-T01-IM6	24	24	NA	NO	NA	NA	NA	Colon Adenocarcinoma	Colon Adenocarcinoma	R side	NA	NA	NA	Less	NA	Unknown whether Spanish or not	Liver	0.0672	IMPACT468	NA	Crohn's	Active IBD	NA	1_YEAR	Yes	0	NA	NA	NA	NA	NA	0.22	Stable	8	COAD	NA	0:LIVING	NA	NA	NA	NA	Fistula/Abscess/Stricture	Poorly Diff	Descending Colon	WHITE	NA	No	NA	NA	NA	1	745	Primary	Female	Matched	NA	NA	4	NA	NA	6.91758476	NA	20	NA	NA
bowel_colitis_msk_2022	P-0052843	P-0052843-T01-IM6	64	66	NA	YES	NA	NA	NA	Rectal Adenocarcinoma	Rectal Adenocarcinoma	L side	NA	NA	NA	Greater	NA	Non-Spanish; Non-Hispanic	N/A	0.3344	IMPACT468	NA	Crohn's	Active IBD	MSKCC	3_5_YEARS	NA	NA	NA	NA	NA	NA	NA	0.94	Stable	13	READ	30.871	0:LIVING	NA	NA	Active enteritis	NA	Screening Colonoscopy	Mod-poorly Diff	Colon	WHITE	NA	NA	NA	NA	NA	1	566	Primary	Male	Matched	NA	NA	1	NA	NA	11.24107523	NA	20	NA	NA
bowel_colitis_msk_2022	P-0056085	P-0056085-T01-IM6	38	38	NA	NO	NA	NA	NA	Colon Adenocarcinoma	Colon Adenocarcinoma	L side	NA	NA	NA	Less	NA	Non-Spanish; Non-Hispanic	Liver	0.0453	IMPACT468	NA	UC	Active IBD	MSKCC	1_3_YEARS	NA	NA	NA	NA	NA	NA	NA	0	Stable	1	COAD	14.466	1:DECEASED	NA	NA	Active enteritis	NA	Bowel Symptoms	Mod Diff	Colon	WHITE	NA	Yes	NA	NA	NA	1	658	Primary	Male	Matched	NA	NA	3	NA	NA	0.864698095	NA	40	NA	NA
bowel_colitis_msk_2022	P-0057843	P-0057843-T01-IM6	49	50	NA	NO	NA	NA	NA	Small Bowel Cancer	Small Bowel Cancer	NA	NA	NA	NA	Less	NA	Non-Spanish; Non-Hispanic	N/A	0.0000	IMPACT468	NA	Crohn's	Active IBD	MSKCC	NA	NA	NA	NA	NA	NA	NA	NA	0	Stable	4	SBC	9.6	0:LIVING	NA	NA	Active enteritis	NA	Bowel Symptoms	NA	Bowel	WHITE	NA	NA	NA	NA	NA	1	606	Primary	Female	Matched	NA	NA	1	NA	NA	3.45879238	NA	5	NA	NA
bowel_colitis_msk_2022	P-0057984	P-0057984-T01-IM6	63	64	NA	NO	NA	NA	NA	Colon Adenocarcinoma	Colon Adenocarcinoma	R side	NA	NA	NA	Greater	NA	Non-Spanish; Non-Hispanic	Liver, Regional Nodal, Peritoneum	0.2556	IMPACT468	NA	Crohn's	Active IBD	MSKCC	1_3_YEARS	Yes	0.460223537	Yes	NA	NA	NA	NA	0.12	Stable	10	COAD	26.17	0:LIVING	NA	Yes	Active enteritis	NA	Bowel Symptoms	Mod-poorly Diff	Colon	ASIAN-FAR EAST/INDIAN SUBCONT	NA	No	NA	NA	NA	1	563	Primary	Male	Matched	NA	NA	4	NA	NA	8.64698095	NA	30	NA	NA
bowel_colitis_msk_2022	P-0058127	P-0058127-T02-IM7	67	70	NA	NO	NA	NA	NA	Colorectal Cancer	Colorectal Adenocarcinoma	NA	NA	NA	NA	Greater	NA	Non-Spanish; Non-Hispanic	NA	0.2476	IMPACT505	NA	NA	Procto/Colectomy	Other Institute	NA	NA	NA	NA	NA	NA	NA	NA	3	Stable	15	COADREAD	18.378	0:LIVING	NA	NA	NA	NA	Bowel Symptoms	Mod-poorly Diff	Colon	ASIAN-FAR EAST/INDIAN SUBCONT	NA	NA	NA	NA	NA	1	504	Primary	Male	Matched	NA	NA	NA	NA	Primary	24.6104171	NA	40	NA	NA
bowel_colitis_msk_2022	P-0058352	P-0058352-T01-IM6	75	76	NA	NO	NA	49.53977646	NA	Small Bowel Cancer	Small Intestinal Carcinoma	L side	NA	NA	NA	Greater	NA	Spanish  NOS; Hispanic NOS, Latino NOS	Peritoneum	0.1353	IMPACT468	NA	NA	Active IBD	MSKCC	NA	NA	NA	NA	NA	NA	NA	NA	0.77	Stable	6	SIC	29.063	0:LIVING	NA	Yes	NA	NA	Bowel Symptoms	Poorly Diff	Ileum	OTHER	NA	NO	NA	NA	NA	1	849	Primary	Male	Matched	NA	NA	NA	NA	Primary	10.37637714	NA	60	NA	NA
bowel_colitis_msk_2022	P-0059142	P-0059142-T01-IM7	69	70	NA	YES	NA	NA	NA	Colon Adenocarcinoma	Colon Adenocarcinoma	L side	NA	NA	NA	Greater	NA	Non-Spanish; Non-Hispanic	N/A	0.1624	IMPACT505	NA	UC	Active IBD	MSKCC	NA	NA	NA	NA	NA	NA	NA	NA	0.09	Stable	3	COAD	20.91	0:LIVING	NA	NA	Active enteritis	NA	Screening Colonoscopy	NA	Colon	WHITE	NA	NA	NA	NA	NA	1	400	Primary	Female	Matched	NA	NA	0 (CIS)	NA	NA	2.46104171	NA	40	NA	NA
bowel_colitis_msk_2022	P-0059968	P-0059968-T01-IM7	36	36	NA	NO	NA	NA	NA	Colorectal Adenocarcinoma	Colorectal Adenocarcinoma	L side	NA	NA	NA	Greater	NA	Spanish  NOS; Hispanic NOS, Latino NOS	Omentum, Pelvic Nodule	0.0011	IMPACT505	NA	UC	Active IBD	MSKCC	1_YEAR	NA	11.34122288	NA	NA	NA	NA	Soft Tissue	0.02	Stable	2	COADREAD	7.595	1:DECEASED	NA	Yes	Active enteritis	Yes	Bowel Symptoms	Poorly Diff	Colon	WHITE	NA	No	NA	NA	NA	1	440	Primary	Female	Matched	NA	NA	4	NA	NA	1.640694473	NA	10	NA	NA
bowel_colitis_msk_2022	P-0060610	P-0060610-T01-IM7	46	47	NA	NO	NA	NA	NA	Rectal Adenocarcinoma	Rectal Adenocarcinoma	L side	NA	NA	NA	Greater	NA	Non-Spanish; Non-Hispanic	Peritoneum	0.3554	IMPACT505	NA	UC	Active IBD	MSKCC	1_3_YEARS	NA	NA	NA	NA	NA	NA	NA	0.5	Stable	2	READ	23.638	0:LIVING	NA	Yes	NA	NA	Screening Colonoscopy	Mod-poorly Diff	Colon	WHITE	NA	Yes	NA	NA	NA	1	604	Primary	Female	Matched	NA	NA	4	NA	NA	1.640694473	NA	60	NA	NA
bowel_colitis_msk_2022	P-0060677	P-0060677-T01-IM7	66	67	NA	YES	NA	NA	NA	Colon Adenocarcinoma	Colon Adenocarcinoma	R side	NA	NA	NA	Greater	NA	Non-Spanish; Non-Hispanic	Lymph Nodes	0.0180	IMPACT505	NA	Crohn's	Quiescent	MSKCC	>5_YEARS	NA	NA	Yes	NA	NA	NA	NA	0.6	Stable	5	COAD	22.718	0:LIVING	NA	NA	Active enteritis	NA	Screening Colonoscopy	Poorly Diff	Colon	WHITE	NA	NA	NA	NA	NA	1	462	Primary	Female	Matched	NA	NA	3	NA	NA	4.101736183	NA	70	NA	NA
bowel_colitis_msk_2022	P-0060922	P-0060922-T01-IM7	67	68	NA	YES	NA	NA	NA	Colorectal Adenocarcinoma	Colorectal Adenocarcinoma	L side	NA	NA	NA	Less	NA	Non-Spanish; Non-Hispanic	NA	0.1474	IMPACT505	NA	UC	Active IBD	MSKCC	NA	NA	NA	NA	NA	NA	NA	NA	0.06	Stable	8	COADREAD	20.975	0:LIVING	NA	NA	NA	NA	Bowel Symptoms	Mod Diff	Colon	WHITE	NA	NA	NA	NA	NA	1	547	Primary	Male	Matched	NA	NA	2	NA	NA	6.562777893	NA	40	NA	NA
bowel_colitis_msk_2022	P-0061615	P-0061615-T01-IM7	61	62	NA	YES	NA	NA	NA	Rectal Adenocarcinoma	Rectal Adenocarcinoma	L side	NA	NA	NA	Greater	NA	Unknown whether Spanish or not	N/A	0.1390	IMPACT505	NA	Crohn's	Active IBD	MSKCC	1_3_YEARS	NA	NA	NA	NA	NA	NA	NA	1.98	Stable	10	READ	22.718	0:LIVING	NA	NA	NA	NA	Bowel Symptoms	Mod-poorly Diff	Rectum	WHITE	NA	NA	NA	NA	NA	1	484	Primary	Male	Matched	NA	NA	3	NA	NA	8.203472366	NA	40	NA	NA
bowel_colitis_msk_2022	P-0062240	P-0062240-T01-IM7	59	62	NA	YES	NA	NA	NA	Colon Adenocarcinoma	Colon Adenocarcinoma	L side	NA	NA	NA	Greater	NA	Non-Spanish; Non-Hispanic	Peritoneum	0.0000	IMPACT505	NA	UC	Active IBD	MSKCC	NA	NA	NA	NA	NA	NA	NA	NA	0.02	Stable	5	COAD	2.729	1:DECEASED	NA	Yes	Active enteritis	NA	Bowel Symptoms	Poorly Diff	Colon	WHITE	NA	No	NA	NA	NA	1	526	Primary	Female	Matched	NA	NA	3	NA	NA	4.101736183	NA	40	NA	NA
bowel_colitis_msk_2022	P-0062331	P-0062331-T01-IM7	45	46	NA	NO	NA	NA	NA	Colorectal Adenocarcinoma	Colorectal Adenocarcinoma	L side	NA	NA	NA	Greater	NA	Non-Spanish; Non-Hispanic	N/A	0.1204	IMPACT505	NA	Crohn's	Active IBD	MSKCC	1_YEAR	NA	NA	NA	NA	NA	NA	NA	0.07	Stable	4	COADREAD	18.674	0:LIVING	NA	NA	NA	NA	Bowel Symptoms	Mod Diff	Colon	WHITE	NA	NA	NA	NA	NA	1	383	Primary	Male	Matched	NA	NA	2	NA	NA	3.281388946	NA	40	NA	NA
bowel_colitis_msk_2022	P-0063271	P-0063271-T01-IM7	59	60	NA	NO	NA	NA	NA	Small Bowel Cancer	Small Bowel Cancer	NA	NA	NA	NA	Greater	NA	Non-Spanish; Non-Hispanic	NA	0.0532	IMPACT505	NA	Crohn's	Active IBD	Mount Sinai St. Lukes	NA	NA	NA	NA	NA	NA	NA	NA	0.44	Stable	5	SBC	20.153	0:LIVING	NA	NA	Active enteritis	NA	Fistula/Abscess/Stricture	Poorly Diff	Bowel	WHITE	NA	NA	NA	NA	NA	1	669	Primary	Male	Matched	NA	NA	2	NA	NA	4.101736183	NA	30	NA	NA
bowel_colitis_msk_2022	P-0063437	P-0063437-T02-IM7	62	71	NA	NO	NA	NA	NA	Rectal Adenocarcinoma	Rectal Adenocarcinoma	L side	NA	NA	NA	Less	NA	Non-Spanish; Non-Hispanic	N/A	0.5444	IMPACT505	NA	UC	No Prior Symptoms	MSKCC	NA	NA	NA	NA	NA	NA	NA	NA	6.32	Indeterminate	7	READ	20.877	0:LIVING	NA	NA	Chronic inactive enteritis	NA	Bowel Symptoms	Poorly Diff	Rectum	WHITE	NA	NA	NA	NA	NA	1	290	Primary	Female	Matched	NA	NA	3	NA	NA	5.742430656	NA	50	NA	NA
bowel_colitis_msk_2022	P-0063725	P-0063725-T02-IM7	37	38	NA	NO	NA	NA	NA	Colorectal Adenocarcinoma	Colorectal Adenocarcinoma	R side	NA	NA	NA	Greater	NA	Non-Spanish; Non-Hispanic	Liver	0.1415	IMPACT505	NA	Crohn's	Active IBD	MSKCC	3_5_YEARS	Yes	0.591715976	NA	NA	NA	NA	NA	0.2	Stable	3	COADREAD	20.384	0:LIVING	NA	NA	Unremarkable	NA	Bowel Symptoms	Mod Diff	Colon	WHITE	NA	Yes	NA	NA	NA	1	740	Primary	Male	Matched	NA	NA	4	NA	NA	2.46104171	NA	20	NA	NA
bowel_colitis_msk_2022	P-0064224	P-0064224-T01-IM7	49	60	NA	YES	NA	NA	NA	Rectal Adenocarcinoma	Rectal Adenocarcinoma	L side	NA	NA	NA	Greater	NA	Non-Spanish; Non-Hispanic	Liver	0.4283	IMPACT505	NA	UC	Active IBD	MSKCC	NA	Yes	0	NA	NA	NA	NA	NA	2.7	Stable	10	READ	11.31	1:DECEASED	NA	NA	Active enteritis	NA	Bowel Symptoms	Mod Diff	Rectum	WHITE	NA	Yes	NA	NA	NA	1	304	Primary	Male	Matched	NA	NA	3	NA	NA	8.203472366	NA	50	NA	NA
bowel_colitis_msk_2022	P-0064385	P-0064385-T01-IM7	57	59	NA	NO	NA	NA	NA	Rectal Adenocarcinoma	Rectal Adenocarcinoma	L side	NA	NA	NA	Greater	NA	Non-Spanish; Non-Hispanic	N/A	0.5485	IMPACT505	NA	Crohn's	Active IBD	MSKCC	1_3_YEARS	NA	NA	NA	NA	NA	NA	NA	2.88	Stable	8	READ	19.594	0:LIVING	NA	NA	NA	NA	Bowel Symptoms	Mod Diff	Rectum	WHITE	NA	NA	NA	NA	NA	1	469	Primary	Male	Matched	NA	NA	1	NA	NA	5.742430656	NA	30	NA	NA
bowel_colitis_msk_2022	P-0064396	P-0064396-T01-IM7	72	73	NA	YES	NA	NA	NA	Rectal Adenocarcinoma	Rectal Adenocarcinoma	L side	NA	NA	NA	Greater	NA	Non-Spanish; Non-Hispanic	Liver	NA	IMPACT505	NA	UC	Quiescent	MSKCC	NA	Yes	0.03287311	NA	NA	NA	NA	NA	2.05	Stable	9	READ	19.134	0:LIVING	NA	NA	Unremarkable	NA	Bowel Symptoms	Mod-poorly Diff	Rectum	WHITE	NA	Yes	NA	NA	NA	1	481	Primary	Male	Matched	NA	NA	4	NA	NA	7.383125129	NA	20	NA	NA
bowel_colitis_msk_2022	P-0064549	P-0064549-T01-IM7	69	70	NA	YES	NA	NA	NA	Colon Adenocarcinoma	Colon Adenocarcinoma	L side	NA	NA	NA	Greater	NA	Non-Spanish; Non-Hispanic	NA	0.2098	IMPACT505	NA	UC	Active IBD	MSKCC	1_YEAR	NA	NA	NA	NA	NA	NA	NA	1.07	Stable	2	COAD	17.03	0:LIVING	NA	NA	Chronic inactive enteritis	NA	Screening Colonoscopy	Mod Diff	Colon	WHITE	NA	NA	NA	NA	NA	1	538	Primary	Female	Matched	NA	NA	N/A	NA	NA	1.640694473	NA	30	NA	NA
bowel_colitis_msk_2022	P-0065130	P-0065130-T01-IM7	71	72	NA	NO	NA	NA	NA	Colon Adenocarcinoma	Colon Adenocarcinoma	L side	NA	NA	NA	Greater	NA	Non-Spanish; Non-Hispanic	NA	0.0213	IMPACT505	NA	UC	Active IBD	MSKCC	NA	NA	NA	NA	NA	NA	NA	NA	0.03	Stable	5	COAD	19.299	0:LIVING	NA	NA	NA	NA	Bowel Symptoms	Mod Diff	Colon	WHITE	NA	NA	NA	NA	NA	1	569	Primary	Male	Matched	NA	NA	3	NA	NA	4.101736183	NA	5	NA	NA
bowel_colitis_msk_2022	P-0065645	P-0065645-T01-IM7	72	73	NA	NO	NA	NA	NA	Colon Adenocarcinoma	Colon Adenocarcinoma	NA	NA	NA	NA	Greater	NA	Non-Spanish; Non-Hispanic	NA	0.1071	IMPACT505	NA	Crohn's	Quiescent	MSKCC	1_YEAR	NA	NA	NA	NA	NA	NA	NA	0.76	Stable	6	COAD	18.641	0:LIVING	NA	NA	NA	NA	Bowel Symptoms	Mod Diff	Colon	WHITE	NA	No	NA	NA	NA	1	504	Primary	Male	Matched	NA	NA	2	NA	NA	4.922083419	NA	30	NA	NA
bowel_colitis_msk_2022	P-0067712	P-0067712-T01-IM7	40	43	NA	YES	NA	NA	NA	Colon Adenocarcinoma	Colon Adenocarcinoma	L side	NA	NA	NA	Greater	NA	Non-Spanish; Non-Hispanic	NA	0.3269	IMPACT505	NA	UC	Active IBD	MSKCC	>5_YEARS	NA	NA	NA	NA	NA	NA	NA	0.6	Stable	3	COAD	17.162	0:LIVING	NA	NA	Active enteritis	NA	Bowel Symptoms	Mod Diff	Colon	WHITE	NA	NA	NA	NA	NA	1	289	Primary	Male	Matched	NA	NA	1	NA	NA	2.46104171	NA	20	NA	NA
bowel_colitis_msk_2022	P-0068036	P-0068036-T01-IM7	26	27	NA	YES	NA	NA	NA	Colorectal Adenocarcinoma	Colorectal Adenocarcinoma	R side	NA	NA	NA	Less	NA	Unknown whether Spanish or not	NA	0.0641	IMPACT505	NA	Crohn's	No Prior Symptoms	Mount Sinai St. Lukes	>5_YEARS	NA	NA	NA	NA	NA	NA	NA	0.21	Stable	26	COADREAD	14.433	0:LIVING	NA	NA	Active enteritis	NA	Bowel Symptoms	Mod Diff	Colon	ASIAN-FAR EAST/INDIAN SUBCONT	NA	NA	NA	NA	NA	1	657	Primary	Male	Matched	NA	NA	3	NA	NA	21.32902815	NA	20	NA	NA
bowel_colitis_msk_2022	P-0069276	P-0069276-T01-IM7	74	77	NA	NO	NA	NA	NA	Colorectal Cancer	Colon Adenocarcinoma	Small Intestine	NA	NA	NA	NA	NA	Non-Spanish; Non-Hispanic	Lung	0.0360	IMPACT505	NA	NA	Active IBD	MSKCC	NA	NA	18.40894149	NA	Yes	0	NA	Liver	0.04	Stable	7	COAD	17.951	0:LIVING	NA	NA	Active enteritis	NA	Bowel Symptoms	Mod Diff	Colon	WHITE	NA	YES	NA	NA	NA	1	307	Metastasis	Female	Matched	NA	NA	NA	NA	Primary	11.48486131	NA	60	NA	NA
bowel_colitis_msk_2022	P-0069515	P-0069515-T01-IM7	76	77	NA	YES	NA	NA	NA	Small Bowel Cancer	Small Intestinal Carcinoma	L side	NA	NA	NA	NA	NA	Non-Spanish; Non-Hispanic	Lung	0.3269	IMPACT505	NA	NA	Active IBD	MSKCC	NA	NA	57.23208416	NA	Yes	0	NA	NA	0.84	Stable	10	SIC	16.044	0:LIVING	NA	NA	Active enteritis	NA	Screening Colonoscopy	Mod Diff	Bowel	WHITE	NA	NO	NA	NA	NA	1	435	Primary	Female	Matched	NA	NA	NA	NA	Primary	16.40694473	NA	70	NA	NA
bowel_colitis_msk_2022	P-0070008	P-0070008-T01-IM7	25	NA	NA	YES	NA	NA	NA	Colorectal Cancer	Colon Adenocarcinoma	R side	NA	NA	NA	Greater	NA	NA	Liver	0.0943	IMPACT505	NA	NA	Active IBD	MSKCC	NA	Yes	0	NA	NA	12.19592373	NA	NA	0.2	Stable	5	COAD	NA	NA	NA	NA	Active enteritis	NA	Bowel Symptoms	Mod Diff	Colon	NA	NA	YES	NA	NA	NA	1	457	Primary	NA	Matched	NA	NA	NA	NA	Metastasis	8.203472366	NA	20	NA	NA
bowel_colitis_msk_2022	P-0070455	P-0070455-T02-IM7	62	62	NA	NO	NA	NA	NA	Colorectal Cancer	Colon Adenocarcinoma	R side	NA	NA	NA	Greater	NA	Non-Spanish; Non-Hispanic	Peritoneum	0.0000	IMPACT505	NA	NA	Active IBD	MSKCC	NA	NA	NA	NA	NA	NA	NA	NA	0.05	Stable	9	COAD	8.449	1:DECEASED	NA	Yes	NA	NA	Bowel Symptoms	NA	NA	ASIAN-FAR EAST/INDIAN SUBCONT	NA	NO	NA	NA	NA	1	610	Primary	Male	Matched	NA	NA	NA	NA	Primary	7.383125129	NA	10	NA	NA
bowel_colitis_msk_2022	P-0071707	P-0071707-T01-IM7	41	48	NA	NO	NA	NA	NA	Colorectal Cancer	Colon Adenocarcinoma	R side	NA	NA	NA	Greater	NA	Unknown whether Spanish or not	Liver, lungs, LNs	0.0561	IMPACT505	NA	NA	Active IBD	Other Institute	NA	NA	1.808021039	Yes	NA	1.808021039	NA	NA	7.57	Indeterminate	4	COAD	5.326	1:DECEASED	NA	NA	NA	NA	Metastatic Disease	Poorly Diff	Colon	WHITE	NA	NO	NA	NA	NA	1	97	Local Recurrence	Female	Matched	NA	NA	NA	NA	Primary	6.562777893	NA	20	NA	NA
bowel_colitis_msk_2022	P-0072758	P-0072758-T01-IM7	66	67	NA	YES	NA	NA	NA	Colorectal Cancer	Colon Adenocarcinoma	L side	NA	NA	NA	Greater	NA	Non-Spanish; Non-Hispanic	NA	0.3088	IMPACT505	NA	NA	Active IBD	MSKCC	NA	NA	NA	NA	NA	NA	NA	NA	1.04	Stable	3	COAD	9.666	0:LIVING	NA	NA	Active enteritis	NA	Screening Colonoscopy	Poorly Diff	Colon	WHITE	NA	NA	NA	NA	NA	1	416	Primary	Male	Matched	NA	NA	NA	NA	Primary	4.922083419	NA	40	NA	NA
bowel_colitis_msk_2022	P-0073981	P-0073981-T01-IM7	69	71	NA	YES	NA	NA	NA	Colorectal Cancer	Rectal Adenocarcinoma	R side	NA	NA	NA	Less	NA	Non-Spanish; Non-Hispanic	Liver, LNs	0.0478	IMPACT505	NA	NA	Active IBD	MSKCC	NA	Yes	0	Yes	NA	NA	NA	NA	NA	NA	6	READ	14.564	0:LIVING	NA	NA	active enteritis	NA	Fistula/Abscess/Stricture	Mod-poorly Diff	Colon	WHITE	NA	NO	NA	NA	NA	1	478	Primary	Female	Matched	NA	NA	NA	NA	Primary	9.844166839	NA	40	NA	NA
bowel_colitis_msk_2022	P-0075212	P-0075212-T01-IM7	68	72	NA	NO	NA	NA	NA	Colorectal Cancer	Rectal Adenocarcinoma	L side	NA	NA	NA	Greater	NA	Non-Spanish; Non-Hispanic	NA	0.0712	IMPACT505	NA	NA	Active IBD	MSKCC	3_5_YEARS	NA	NA	NA	NA	NA	NA	NA	0.51	Stable	4	READ	8.153	1:DECEASED	NA	NA	Active enteritis	NA	Screening Colonoscopy	Mod Diff	Bowel	WHITE	NA	NA	NA	NA	NA	1	436	Primary	Female	Matched	NA	NA	NA	NA	Primary	6.562777893	NA	40	NA	NA
bowel_colitis_msk_2022	P-0077591	P-0077591-T01-IM7	42	43	NA	NO	NA	NA	NA	Colorectal Cancer	Colon Adenocarcinoma	L side	NA	NA	NA	Greater	NA	Non-Spanish; Non-Hispanic	Peritoneum	0.0001	IMPACT505	NA	NA	Quiescent many years	MSKCC	NA	NA	NA	NA	NA	NA	NA	NA	0.17	Stable	4	COAD	11.408	0:LIVING	NA	Yes	Active enteritis	NA	Bowel Symptoms	Poorly Diff	Colon	WHITE	NA	YES	NA	NA	NA	1	552	Primary	Male	Matched	NA	NA	NA	NA	Primary	6.562777893	NA	30	NA	NA
bowel_colitis_msk_2022	P-0077644	P-0077644-T01-IM7	83	85	NA	NO	NA	NA	NA	Colorectal Cancer	Colon Adenocarcinoma	L side	NA	NA	NA	Greater	NA	Non-Spanish; Non-Hispanic	NA	0.1559	IMPACT505	NA	NA	Active IBD	MSKCC	NA	NA	NA	NA	NA	NA	NA	NA	0.18	Stable	8	COAD	6.279	1:DECEASED	NA	NA	Active enteritis	NA	Screening Colonoscopy	Mod Diff	Descending Colon	WHITE	NA	NA	NA	NA	NA	1	414	Primary	Male	Matched	NA	NA	NA	NA	Primary	13.12555579	NA	30	NA	NA
bowel_colitis_msk_2022	P-CLIN001	P-CLIN001	NA	NA	NA	NA	NA	NA	NA	Colorectal Adenocarcinoma	Colorectal Adenocarcinoma	NA	NA	NA	NA	Greater	NA	NA	Pelvis	NA	NA	NA	Crohn's	Active IBD	NA	1_3_YEARS	NA	NA	NA	NA	NA	NA	NA	NA	NA	NA	COADREAD	NA	NA	NA	NA	Chronic inactive enteritis	Yes	Bowel Symptoms	NA	NA	NA	NA	NA	NA	NA	NA	1	NA	NA	Male	NA	NA	NA	2	NA	NA	NA	NA	NA	NA	NA
bowel_colitis_msk_2022	P-CLIN002	P-CLIN002	NA	NA	NA	NA	NA	NA	NA	Colorectal Cancer	Colon Adenocarcinoma	NA	NA	NA	NA	Greater	NA	NA	Liver, Peritoneum	NA	NA	NA	UC	Active IBD	NA	NA	Yes	0	NA	NA	35.8974359	NA	NA	NA	NA	NA	COAD	NA	NA	NA	Yes	Active enteritis	NA	Screening Colonoscopy	NA	NA	NA	NA	NA	NA	NA	NA	1	NA	NA	Male	NA	NA	NA	0 (CIS)	NA	NA	NA	NA	NA	NA	NA
bowel_colitis_msk_2022	P-CLIN003	P-CLIN003	NA	NA	NA	NA	NA	NA	NA	Colorectal Cancer	Colon Adenocarcinoma	NA	NA	NA	NA	Greater	NA	NA	NA	NA	NA	NA	UC	NA	NA	>5_YEARS	NA	NA	NA	NA	NA	NA	NA	NA	NA	NA	COAD	NA	NA	NA	NA	Active enteritis	NA	Fistula/Abscess/Stricture	NA	NA	NA	NA	NA	NA	NA	NA	1	NA	NA	Male	NA	NA	NA	1	NA	NA	NA	NA	NA	NA	NA
bowel_colitis_msk_2022	P-CLIN004	P-CLIN004	NA	NA	NA	NA	NA	NA	NA	Colorectal Cancer	Colon Adenocarcinoma	NA	NA	NA	NA	Greater	NA	NA	Liver, Peritoneum, LNs	NA	NA	NA	UC	Active IBD	NA	>5_YEARS	Yes	0.131492439	Yes	NA	NA	NA	NA	NA	NA	NA	COAD	NA	NA	NA	Yes	Active enteritis	NA	Bowel Symptoms	NA	NA	NA	NA	NA	NA	NA	NA	1	NA	NA	Female	NA	NA	NA	4	NA	NA	NA	NA	NA	NA	NA
bowel_colitis_msk_2022	P-CLIN005	P-CLIN005	NA	NA	NA	NA	NA	NA	NA	Colorectal Adenocarcinoma	Colorectal Adenocarcinoma	NA	NA	NA	NA	Greater	NA	NA	NA	NA	NA	NA	Crohn's	Active IBD	NA	1_YEAR	NA	NA	NA	NA	NA	NA	NA	NA	NA	NA	COADREAD	NA	NA	NA	NA	NA	NA	Bowel Symptoms	NA	NA	NA	NA	NA	NA	NA	NA	1	NA	NA	Male	NA	NA	NA	2	NA	NA	NA	NA	NA	NA	NA
bowel_colitis_msk_2022	P-CLIN006	P-CLIN006	NA	NA	NA	NA	NA	NA	NA	Colorectal Cancer	Colon Adenocarcinoma	NA	NA	NA	NA	Less	NA	NA	NA	NA	NA	NA	UC	Active IBD	NA	>5_YEARS	NA	NA	NA	NA	NA	NA	NA	NA	NA	NA	COAD	NA	NA	NA	NA	Active enteritis	NA	Bowel Symptoms	NA	NA	NA	NA	NA	NA	NA	NA	1	NA	NA	Female	NA	NA	NA	3	NA	NA	NA	NA	NA	NA	NA
bowel_colitis_msk_2022	P-CLIN007	P-CLIN007	NA	NA	NA	NA	NA	NA	NA	Colorectal Cancer	Colon Adenocarcinoma	NA	NA	NA	NA	Greater	NA	NA	NA	NA	NA	NA	UC	Quiescent	NA	NA	NA	NA	NA	NA	NA	NA	NA	NA	NA	NA	COAD	NA	NA	NA	NA	Active enteritis	NA	Bowel Symptoms	NA	NA	NA	NA	NA	NA	NA	NA	1	NA	NA	Male	NA	NA	NA	3	NA	NA	NA	NA	NA	NA	NA
bowel_colitis_msk_2022	P-CLIN008	P-CLIN008	NA	NA	NA	NA	NA	NA	NA	Colorectal Cancer	Colon Adenocarcinoma	NA	NA	NA	NA	Greater	NA	NA	NA	NA	NA	NA	UC	Active IBD	NA	>5_YEARS	NA	NA	NA	NA	NA	NA	NA	NA	NA	NA	COAD	NA	NA	NA	NA	Active enteritis	NA	Screening Colonoscopy	NA	NA	NA	NA	NA	NA	NA	NA	1	NA	NA	Female	NA	NA	NA	1	NA	NA	NA	NA	NA	NA	NA
bowel_colitis_msk_2022	P-CLIN009	P-CLIN009	NA	NA	NA	NA	NA	NA	NA	Colorectal Cancer	Colon Adenocarcinoma	NA	NA	NA	NA	Greater	NA	NA	NA	NA	NA	NA	UC	Active IBD	NA	3_5_YEARS	NA	NA	NA	NA	NA	NA	NA	NA	NA	NA	COAD	NA	NA	NA	NA	Active enteritis	NA	Bowel Symptoms	NA	NA	NA	NA	NA	NA	NA	NA	1	NA	NA	Male	NA	NA	NA	3	NA	NA	NA	NA	NA	NA	NA
bowel_colitis_msk_2022	P-CLIN010	P-CLIN010	NA	NA	NA	NA	NA	NA	NA	Colorectal Adenocarcinoma	Colorectal Adenocarcinoma	NA	NA	NA	NA	Greater	NA	NA	NA	NA	NA	NA	Crohn's	Active IBD	NA	NA	NA	NA	NA	NA	NA	NA	NA	NA	NA	NA	COADREAD	NA	NA	NA	NA	Active enteritis	NA	Bowel Symptoms	NA	NA	NA	NA	NA	NA	NA	NA	1	NA	NA	Male	NA	NA	NA	2	NA	NA	NA	NA	NA	NA	NA
bowel_colitis_msk_2022	P-CLIN011	P-CLIN011	NA	NA	NA	NA	NA	NA	NA	Colorectal Adenocarcinoma	Colorectal Adenocarcinoma	NA	NA	NA	NA	Greater	NA	NA	NA	NA	NA	NA	Crohn's	Active IBD	NA	1_YEAR	NA	NA	NA	NA	NA	NA	NA	NA	NA	NA	COADREAD	NA	NA	NA	NA	Active enteritis	NA	Bowel Symptoms	NA	NA	NA	NA	NA	NA	NA	NA	1	NA	NA	Male	NA	NA	NA	3	NA	NA	NA	NA	NA	NA	NA
bowel_colitis_msk_2022	P-CLIN012	P-CLIN012	NA	NA	NA	NA	NA	NA	NA	Colorectal Adenocarcinoma	Colorectal Adenocarcinoma	NA	NA	NA	NA	Greater	NA	NA	NA	NA	NA	NA	Crohn's	Active IBD	NA	NA	NA	NA	NA	NA	NA	NA	NA	NA	NA	NA	COADREAD	NA	NA	NA	NA	Active enteritis	NA	Bowel Symptoms	NA	NA	NA	NA	NA	NA	NA	NA	1	NA	NA	Female	NA	NA	NA	2	NA	NA	NA	NA	NA	NA	NA
bowel_colitis_msk_2022	P-CLIN013	P-CLIN013	NA	NA	NA	NA	NA	NA	NA	Colorectal Cancer	Colon Adenocarcinoma	NA	NA	NA	NA	Less	NA	NA	NA	NA	NA	NA	UC	Active IBD	NA	>5_YEARS	NA	NA	NA	NA	NA	NA	NA	NA	NA	NA	COAD	NA	NA	NA	NA	Active enteritis	NA	Screening Colonoscopy	NA	NA	NA	NA	NA	NA	NA	NA	1	NA	NA	Male	NA	NA	NA	0 (CIS)	NA	NA	NA	NA	NA	NA	NA
bowel_colitis_msk_2022	P-CLIN014	P-CLIN014	NA	NA	NA	NA	NA	NA	NA	Colorectal Cancer	Colon Adenocarcinoma	NA	NA	NA	NA	Greater	NA	NA	NA	NA	NA	NA	UC	Active IBD	NA	1_3_YEARS	NA	NA	NA	NA	NA	NA	NA	NA	NA	NA	COAD	NA	NA	NA	NA	NA	NA	Bowel Symptoms	NA	NA	NA	NA	NA	NA	NA	NA	1	NA	NA	Male	NA	NA	NA	3	NA	NA	NA	NA	NA	NA	NA
bowel_colitis_msk_2022	p_DK_cac_001	s_DK_cac_001_P	63	NA	NA	NA	NA	NA	NA	Small Bowel Cancer	Small Bowel Cancer	Small Intestine	Unknown	NA	NA	Greater	NA	NA	NA	0.0006	IMPACT468	NA	Crohn's	NA	CMO	NA	NA	NA	NA	NA	NA	NA	NA	NA	NA	4	SBC	NA	NA	NA	NA	NA	NA	NA	NA	Distal Ileum	NA	NA	NA	NA	NA	Unknown	1	NA	Primary	NA	NA	NA	FFPE	4	Unknown	Small Bowel	3.91487879	Unknown	NA	NA	Unknown
bowel_colitis_msk_2022	p_DK_cac_002	s_DK_cac_002_P	46	NA	NA	NA	NA	NA	NA	Small Bowel Cancer	Small Bowel Cancer	Small Intestine	Unknown	NA	NA	Greater	NA	NA	NA	0.1699	IMPACT468	NA	Crohn's	NA	CMO	NA	NA	NA	NA	NA	NA	NA	NA	NA	NA	3	SBC	NA	NA	NA	NA	NA	NA	NA	NA	Jejunum	NA	NA	NA	NA	NA	Unknown	1	NA	Primary	NA	NA	NA	FFPE	2	Unknown	Small Bowel	2.936159093	Unknown	NA	NA	Unknown
bowel_colitis_msk_2022	p_DK_cac_003	s_DK_cac_003_P	77	NA	NA	NA	NA	NA	NA	Rectal Adenocarcinoma	Rectal Adenocarcinoma	L side	Unknown	NA	NA	Greater	NA	NA	NA	0.0387	IMPACT468	NA	UC	NA	CMO	NA	NA	NA	NA	NA	NA	NA	NA	NA	NA	11	READ	NA	NA	NA	NA	NA	NA	NA	NA	Rectum	NA	NA	NA	NA	NA	Unknown	1	NA	Primary	NA	NA	NA	FFPE	2	Unknown	Rectum	10.76591667	Unknown	NA	NA	Unknown
bowel_colitis_msk_2022	p_DK_cac_005	s_DK_cac_005_P	61	NA	NA	NA	NA	NA	NA	Colorectal Cancer	Colon Adenocarcinoma	L side	Unknown	NA	NA	Greater	NA	NA	NA	0.2740	IMPACT468	NA	UC	NA	CMO	NA	NA	NA	NA	NA	NA	NA	NA	NA	NA	6	COAD	NA	NA	NA	NA	NA	NA	NA	NA	Rectosigmoid	NA	NA	NA	NA	NA	Unknown	1	NA	Primary	NA	NA	NA	FFPE	2	Unknown	Colon	5.872318186	Unknown	NA	NA	Unknown
bowel_colitis_msk_2022	p_DK_cac_009	s_DK_cac_009_P	46	NA	NA	NA	NA	NA	NA	Colorectal Cancer	Colon Adenocarcinoma	L side	Unknown	NA	NA	Greater	NA	NA	NA	0.3619	IMPACT468	NA	UC	NA	CMO	NA	NA	NA	NA	NA	NA	NA	NA	NA	NA	5	COAD	NA	NA	NA	NA	NA	NA	NA	NA	Transverse Colon; Rectum	NA	NA	NA	NA	NA	Unknown	1	NA	Primary	NA	NA	NA	FFPE	3	Unknown	Colon	4.893598488	Unknown	NA	NA	Unknown
bowel_colitis_msk_2022	p_DK_cac_010	s_DK_cac_010_P	35	NA	NA	NA	NA	NA	NA	Colon Adenocarcinoma	Colon Adenocarcinoma	R side	Unknown	NA	NA	Greater	NA	NA	NA	0.0325	IMPACT468	NA	UC	NA	CMO	NA	NA	NA	NA	NA	NA	NA	NA	NA	NA	4	COAD	NA	NA	NA	NA	NA	NA	NA	NA	Cecum	NA	NA	NA	NA	NA	Unknown	1	NA	Primary	NA	NA	NA	FFPE	1	Unknown	Colon	3.91487879	Unknown	NA	NA	Unknown
bowel_colitis_msk_2022	p_DK_cac_011	s_DK_cac_011_P	62	NA	NA	NA	NA	NA	NA	Colon Adenocarcinoma	Colon Adenocarcinoma	L side	Unknown	NA	NA	Greater	NA	NA	NA	0.1294	IMPACT468	NA	UC	NA	CMO	NA	NA	NA	NA	NA	NA	NA	NA	NA	NA	5	COAD	NA	NA	NA	NA	NA	NA	NA	NA	Splenic Flexure	NA	NA	NA	NA	NA	Unknown	1	NA	Primary	NA	NA	NA	FFPE	2	Unknown	Colon	4.893598488	Unknown	NA	NA	Unknown
bowel_colitis_msk_2022	p_DK_cac_012	s_DK_cac_012_P1	40	NA	NA	NA	NA	NA	NA	Rectal Adenocarcinoma	Rectal Adenocarcinoma	L side	No	NA	NA	Greater	NA	NA	NA	0.3021	IMPACT468	NA	Crohn's	NA	CMO	NA	NA	NA	NA	NA	NA	NA	NA	NA	NA	12	READ	NA	NA	NA	NA	NA	NA	NA	NA	Rectum	NA	NA	NA	NA	NA	No	1	NA	Primary	Female	NA	NA	Frozen	1	No	Rectum	19.02335809	No	NA	NA	Yes
bowel_colitis_msk_2022	p_DK_cac_013	s_DK_cac_013_P	50	NA	NA	NA	NA	NA	NA	Colon Adenocarcinoma	Colon Adenocarcinoma	R side	Unknown	NA	NA	Greater	NA	NA	NA	0.3152	IMPACT468	NA	UC	NA	CMO	NA	NA	NA	NA	NA	NA	NA	NA	NA	NA	13	COAD	NA	NA	NA	NA	NA	NA	NA	NA	Ascending Colon	NA	NA	NA	NA	NA	Unknown	1	NA	Primary	Female	NA	NA	Frozen	1	Unknown	Colon	20.75275428	Unknown	NA	NA	Unknown
bowel_colitis_msk_2022	p_DK_cac_014	s_DK_cac_014_P	79	NA	NA	NA	NA	NA	NA	Colon Adenocarcinoma	Colon Adenocarcinoma	R side	Unknown	NA	NA	Greater	NA	NA	NA	0.2311	IMPACT468	NA	Crohn's	NA	CMO	NA	NA	NA	NA	NA	NA	NA	NA	NA	NA	6	COAD	NA	NA	NA	NA	NA	NA	NA	NA	Ascending Colon	NA	NA	NA	NA	NA	Unknown	1	NA	Primary	Male	NA	NA	Frozen	2	Unknown	Colon	12.10577333	Unknown	NA	NA	Unknown
bowel_colitis_msk_2022	p_DK_cac_015	s_DK_cac_015_P	22	NA	NA	NA	NA	NA	NA	Colon Adenocarcinoma	Colon Adenocarcinoma	R side	No	NA	NA	Less	NA	NA	NA	0.6595	IMPACT468	NA	Crohn's	NA	CMO	NA	NA	NA	NA	NA	NA	NA	NA	NA	NA	5	COAD	NA	NA	NA	NA	NA	NA	NA	NA	Ascending Colon	NA	NA	NA	NA	NA	No	1	NA	Primary	Female	NA	NA	Frozen	4	No	Colon	8.64698095	No	NA	NA	Yes
bowel_colitis_msk_2022	p_DK_cac_016	s_DK_cac_016_P	67	NA	NA	NA	NA	NA	NA	Colon Adenocarcinoma	Colon Adenocarcinoma	R side	No	NA	NA	Greater	NA	NA	NA	0.2303	IMPACT468	NA	Crohn's	NA	CMO	NA	NA	NA	NA	NA	NA	NA	NA	NA	NA	23	COAD	NA	NA	NA	NA	NA	NA	NA	NA	Ascending Colon	NA	NA	NA	NA	NA	No	1	NA	Primary	Female	NA	NA	Frozen	2	No	Colon	28.53503713	No	NA	NA	Yes
bowel_colitis_msk_2022	p_DK_cac_017	s_DK_cac_017_P	61	NA	NA	NA	NA	NA	NA	Colon Adenocarcinoma	Colon Adenocarcinoma	R side	No	NA	NA	Less	NA	NA	NA	0.4689	IMPACT468	NA	Crohn's	NA	CMO	NA	NA	NA	NA	NA	NA	NA	NA	NA	NA	19	COAD	NA	NA	NA	NA	NA	NA	NA	NA	Ascending Colon	NA	NA	NA	NA	NA	No	1	NA	Primary	Male	NA	NA	Frozen	2	No	Colon	18.15865999	No	NA	NA	Yes
bowel_colitis_msk_2022	p_DK_cac_018	s_DK_cac_018_P	40	NA	NA	NA	NA	NA	NA	Colon Adenocarcinoma	Colon Adenocarcinoma	L side	Unknown	NA	NA	Less	NA	NA	NA	0.1154	IMPACT468	NA	UC	NA	CMO	NA	NA	NA	NA	NA	NA	NA	NA	NA	NA	12	COAD	NA	NA	NA	NA	NA	NA	NA	NA	Sigmoid	NA	NA	NA	NA	NA	Unknown	1	NA	Primary	Female	NA	NA	Frozen	0 (CIS)	Unknown	Colon	15.56456571	Unknown	NA	NA	Unknown
bowel_colitis_msk_2022	p_DK_cac_019	s_DK_cac_019_P	66	NA	NA	NA	NA	NA	NA	Rectal Adenocarcinoma	Rectal Adenocarcinoma	L side	Unknown	NA	NA	Greater	NA	NA	NA	0.4434	IMPACT468	NA	Crohn's	NA	CMO	NA	NA	NA	NA	NA	NA	NA	NA	NA	NA	14	READ	NA	NA	NA	NA	NA	NA	NA	NA	Rectum	NA	NA	NA	NA	NA	Unknown	1	NA	Primary	Male	NA	NA	Frozen	1	Unknown	Rectum	21.61745237	Unknown	NA	NA	Unknown
bowel_colitis_msk_2022	p_DK_cac_020	s_DK_cac_020_P	40	NA	NA	NA	NA	NA	NA	Rectal Adenocarcinoma	Rectal Adenocarcinoma	L side	Unknown	NA	NA	Greater	NA	NA	NA	0.0372	IMPACT468	NA	UC	NA	CMO	NA	NA	NA	NA	NA	NA	NA	NA	NA	NA	11	READ	NA	NA	NA	NA	NA	NA	NA	NA	Rectum	NA	NA	NA	NA	NA	Unknown	1	NA	Primary	Female	NA	NA	Frozen	4	Unknown	Rectum	13.83516952	Unknown	NA	NA	Unknown
bowel_colitis_msk_2022	p_DK_cac_021	s_DK_cac_021_P	48	NA	NA	NA	NA	NA	NA	Rectal Adenocarcinoma	Rectal Adenocarcinoma	L side	Unknown	NA	NA	Greater	NA	NA	NA	0.1640	IMPACT468	NA	UC	NA	CMO	NA	NA	NA	NA	NA	NA	NA	NA	NA	NA	10	READ	NA	NA	NA	NA	NA	NA	NA	NA	Rectum	NA	NA	NA	NA	NA	Unknown	1	NA	Primary	Male	NA	NA	Frozen	1	Unknown	Rectum	16.4292638	Unknown	NA	NA	Unknown
bowel_colitis_msk_2022	TRF011722	TRF011722	55	NA	No	NA	NA	4.043392505	NA	Small Bowel Cancer	Small Bowel Cancer	R side	Yes	Mod	Between Ten and Twenty	Greater	0.34%	NA	Liver, LNs	NA	FoundationOne	NA	Crohn's	Quiescent	Foundation	1_YEAR	Yes	0	Yes	NA	2.333990796	938	NA	NA	NA	12	SBC	8.35	NA	NA	NA	Active enteritis	NA	Bowel Symptoms	Mod Diff	Ileum	NA	No	No	NA	NA	Yes	1	NA	Primary	Male	Unmatched	Mucinous Features	NA	4	Yes	Small Bowel	13.86789444	Yes	NA	DOD	No
bowel_colitis_msk_2022	TRF049661	TRF049661	54	NA	No	NA	NA	5.851413544	NA	Rectal Adenocarcinoma	Rectal Adenocarcinoma	L side	No	Mod-Poor	Between Ten and Twenty	Greater	0.23%	NA	Liver, LNs	NA	FoundationOne	NA	UC	Active IBD	Foundation	NA	Yes	0	Yes	NA	NA	680	Liver	NA	NA	9	READ	7.17	NA	NA	NA	NA	NA	Bowel Symptoms	Mod-poorly Diff	Rectum	NA	No	No	NA	NA	Yes	1	NA	Metastasis	Female	Unmatched	Mucinous Features	NA	4	No	Liver	10.40092083	No	NA	DOD	No
bowel_colitis_msk_2022	TRF060123	TRF060123	50	NA	No	NA	NA	24.45759369	NA	Colorectal Cancer	Colon Adenocarcinoma	L side	No	Mod-Poor	Greater than Twenty	Greater	0.38%	NA	Pelvis	NA	FoundationOne	NA	UC	Active IBD	Foundation	1_3_YEARS	NA	NA	NA	NA	24.45759369	467	NA	NA	NA	13	COAD	54.55	NA	NA	NA	Active enteritis	Yes	Bowel Symptoms	Mod-poorly Diff	Rectosigmoid	NA	FOLFOX	Yes	23.94	1:DECEASED	Yes	1	NA	Primary	Male	Unmatched	Diffuse (Linitus-Plasticus)	NA	3	No	Colon	15.02355231	No	NA	DOD	No
bowel_colitis_msk_2022	TRF060124	TRF060124	29	NA	No	NA	NA	NA	NA	Colorectal Cancer	Colon Adenocarcinoma	L side	No	Poor	Between Ten and Twenty	Greater	0.30%	NA	Peritoneum	NA	FoundationOne	NA	UC	Active IBD	Foundation	NA	NA	NA	NA	NA	18.67192636	458	NA	NA	NA	13	COAD	23.94	NA	NA	Yes	Active enteritis	NA	Screening Colonoscopy	Poorly Diff	Rectosigmoid	NA	No	No	NA	NA	No	1	NA	Primary	Male	Unmatched	Signet Ring, Mucinous Features	NA	4	Yes	Colon	15.02355231	No	NA	DOD	No
bowel_colitis_msk_2022	TRF060125	TRF060125	48	NA	No	NA	NA	NA	NA	Colorectal Cancer	Colon Adenocarcinoma	R side	No	Mod	Between Ten and Twenty	Greater	0.33%	NA	NA	NA	FoundationOne	NA	UC	Active IBD	Foundation	1_YEAR	NA	NA	NA	NA	NA	414	NA	NA	NA	9	COAD	12.99	NA	NA	NA	Active enteritis	NA	Bowel Symptoms	Mod Diff	Cecum, Asc Colon, T Colon	NA	FOLFOX	NA	12.99	0:LIVING	Yes	1	NA	Primary	Male	Unmatched	One Focus Nec	NA	3	Yes	Colon	10.40092083	No	NA	NED	Yes
bowel_colitis_msk_2022	TRF060126	TRF060126	38	NA	No	NA	NA	NA	NA	Colorectal Cancer	Colon Adenocarcinoma	L side	No	Mod-Poor	Between Ten and Twenty	Greater	0.32%	NA	NA	NA	FoundationOne	NA	UC	Active IBD	Foundation	>5_YEARS	NA	NA	NA	NA	NA	389	NA	NA	NA	18	COAD	131.4	NA	NA	NA	Chronic inactive enteritis	NA	Bowel Symptoms	Mod Diff	Rectosigmoid	NA	No	NA	131.4	0:LIVING	Yes	1	NA	Primary	Female	Unmatched	Focal Signet Ring	NA	1	Yes	Colon	20.80184166	No	NA	NED	Yes
bowel_colitis_msk_2022	TRF060127	TRF060127	67	NA	No	NA	NA	NA	NA	Colorectal Cancer	Colon Adenocarcinoma	L side	No	Mod	Greater than Twenty	Greater	0.31%	NA	NA	NA	FoundationOne	NA	UC	Active IBD	Foundation	NA	NA	NA	NA	NA	NA	499	NA	NA	NA	22	COAD	107.53	NA	NA	NA	Chronic inactive enteritis	NA	Screening Colonoscopy	Mod Diff	Descending Colon	NA	FOLFOX	NA	107.53	0:LIVING	Yes	1	NA	Primary	Male	Unmatched	Mucinous	NA	3	Yes	Colon	25.42447314	No	NA	NED	Yes
bowel_colitis_msk_2022	TRF060128	TRF060128	52	NA	No	NA	NA	NA	NA	Rectal Adenocarcinoma	Rectal Adenocarcinoma	L side	No	Poor	Greater than Twenty	Greater	0.28%	NA	NA	NA	FoundationOne	NA	UC	Quiescent	Foundation	1_3_YEARS	NA	NA	NA	NA	NA	426	NA	NA	NA	8	READ	112.4	NA	NA	NA	Active enteritis	NA	Screening Colonoscopy	Poorly Diff	Rectum	NA	FOLFOX	NA	112.4	0:LIVING	Yes	1	NA	Primary	Male	Unmatched	Mucinous	NA	3	Yes	Rectum	9.245262958	No	NA	NED	Yes
bowel_colitis_msk_2022	TRF060129	TRF060129	61	NA	No	NA	NA	NA	NA	Colorectal Cancer	Colon Adenocarcinoma	L side	No	Mod	Greater than Twenty	Greater	0.30%	NA	NA	NA	FoundationOne	NA	UC	Quiescent	Foundation	>5_YEARS	NA	NA	NA	NA	NA	500	NA	NA	NA	13	COAD	47.55	NA	NA	NA	Active enteritis	NA	Bowel Symptoms	Mod Diff	Rectosigmoid	NA	No	NA	47.55	0:LIVING	No	1	NA	Primary	Female	Unmatched	No	NA	1	Yes	Colon	15.02355231	No	NA	NED	Yes
bowel_colitis_msk_2022	TRF060130	TRF060130	62	NA	No	NA	NA	NA	NA	Colorectal Cancer	Colon Adenocarcinoma	R side	No	Mod	Ten or less	Less	0.25%	NA	NA	NA	FoundationOne	NA	UC	Active IBD	Foundation	>5_YEARS	NA	NA	NA	NA	NA	518	NA	NA	NA	22	COAD	21.87	NA	NA	NA	Active enteritis	NA	Bowel Symptoms	Mod Diff	Cecum	NA	No	NA	21.87	0:LIVING	Yes	1	NA	Primary	Female	Unmatched	Mucinous	NA	2	No	Colon	25.42447314	No	NA	NED	Yes
bowel_colitis_msk_2022	TRF060131	TRF060131	77	NA	No	NA	NA	NA	NA	Colorectal Cancer	Colon Adenocarcinoma	R side	No	Poor	Ten or less	Less	0.28%	NA	LNs	NA	FoundationOne	NA	UC	Active IBD	Foundation	1_YEAR	NA	NA	Yes	NA	NA	430	NA	NA	NA	14	COAD	5.66	NA	NA	NA	Chronic inactive enteritis	NA	Bowel Symptoms	Poorly Diff	Cecum	NA	No	No	NA	NA	Yes	1	NA	Primary	Male	Unmatched	No	NA	4	No	Colon	15.02355231	No	NA	DOD	No
bowel_colitis_msk_2022	TRF060132	TRF060132	76	NA	No	NA	NA	NA	NA	Colorectal Cancer	Colon Adenocarcinoma	R side	No	Poor	Ten or less	Less	0.27%	NA	NA	NA	FoundationOne	NA	UC	Active IBD	Foundation	NA	NA	NA	NA	NA	NA	549	NA	NA	NA	18	COAD	99.84	NA	NA	NA	Active enteritis	NA	Bowel Symptoms	Poorly Diff	Hepatic Flexure	NA	FOLFOX	NA	99.84	0:LIVING	Yes	1	NA	Primary	Male	Unmatched	Mucinous	NA	3	No	Colon	20.80184166	No	NA	NED	Yes
bowel_colitis_msk_2022	TRF060133	TRF060133	61	NA	No	NA	NA	NA	NA	Colon Adenocarcinoma	Colon Adenocarcinoma	R side	No	Mod	Greater than Twenty	Greater	0.25%	NA	NA	NA	FoundationOne	NA	Crohn's	Active IBD	Foundation	NA	NA	NA	NA	NA	NA	446	NA	NA	NA	19	COAD	7.99	NA	NA	NA	Active enteritis	NA	Bowel Symptoms	Mod Diff	Hepatic Flexure	NA	No	NA	7.99	0:LIVING	No	1	NA	Primary	Male	Unmatched	No	NA	2	No	Colon	21.95749953	No	NA	NED	Yes
bowel_colitis_msk_2022	TRF060134	TRF060134	49	NA	No	NA	NA	NA	NA	Small Bowel Cancer	Small Bowel Cancer	R side	No	Poor	Ten or less	Less	0.23%	NA	Peritoneum	NA	FoundationOne	NA	Crohn's	No Prior Symptoms	Foundation	3_5_YEARS	NA	NA	NA	NA	13.773833	531	NA	NA	NA	19	SBC	20.98	NA	NA	Yes	Chronic inactive enteritis	NA	Bowel Symptoms	Poorly Diff	Ileum	NA	FOLFOX	No	6.35	1:DECEASED	No	1	NA	Primary	Male	Unmatched	Signet Ring	NA	3	No	Small Bowel	21.95749953	No	NA	DOD	No
bowel_colitis_msk_2022	TRF094955	TRF094955	42	NA	No	NA	NA	NA	NA	Colorectal Cancer	Colon Adenocarcinoma	L side	No	Mod-Poor	Between Ten and Twenty	Greater	0.28%	NA	NA	NA	FoundationOne	NA	UC	Active IBD	Foundation	NA	NA	NA	NA	NA	NA	394	NA	NA	NA	10	COAD	83.82	NA	NA	NA	Chronic inactive enteritis	NA	Screening Colonoscopy	Mod-poorly Diff	Rectosigmoid	NA	FOLFOX	NA	83.82	0:LIVING	Yes	1	NA	Primary	Male	Unmatched	No	NA	2	No	Colon	11.5565787	No	NA	NED	Yes
bowel_colitis_msk_2022	TRF094956	TRF094956	46	NA	No	NA	NA	NA	NA	Colorectal Cancer	Colon Adenocarcinoma	L side	No	Mod	Between Ten and Twenty	Greater	0.29%	NA	NA	NA	FoundationOne	NA	UC	Active IBD	Foundation	NA	NA	NA	NA	NA	NA	234	NA	NA	NA	17	COAD	14.96	NA	NA	NA	Active enteritis	NA	Bowel Symptoms	Mod Diff	Sigmoid	NA	No	NA	14.96	0:LIVING	Yes	1	NA	Primary	Male	Unmatched	No	NA	1	No	Colon	19.64618379	No	NA	NED	Yes
bowel_colitis_msk_2022	TRF094957	TRF094957	40	NA	No	NA	NA	NA	NA	Colorectal Cancer	Colon Adenocarcinoma	R side	No	Mod	Ten or less	Greater	0.25%	NA	Liver	NA	FoundationOne	NA	UC	No Prior Symptoms	Foundation	NA	Yes	5.456936226	NA	NA	12.91913215	491	NA	NA	NA	6	COAD	52.91	NA	NA	NA	Active enteritis	NA	Bowel Symptoms	Mod-poorly Diff	Asc Colon + Cecum	NA	FOLFOX	Yes	38.21	1:DECEASED	No	1	NA	Primary	Male	Unmatched	Mucinous Features	NA	3	No	Colon	6.933947219	Yes	NA	DOD	No
bowel_colitis_msk_2022	P-0017016	TRF094958	45	NA	NA	NA	NA	NA	NA	Colorectal Cancer	Colon Adenocarcinoma	L side	NA	Poor	NA	Greater	0.25%	Non-Spanish; Non-Hispanic	NA	NA	FoundationOne	NA	UC	Active IBD	Foundation	NA	NA	NA	NA	NA	NA	372	NA	NA	NA	12	COAD	54.74	0:LIVING	NA	NA	Active enteritis	NA	Screening Colonoscopy	Mod-poorly Diff	Rectosigmoid	WHITE	NA	NA	NA	NA	NA	2	NA	Primary	Female	Unmatched	Signet Ring	NA	1	NA	Colon	13.86789444	NA	NA	NA	NA
bowel_colitis_msk_2022	TRF094959	TRF094959	44	NA	No	NA	NA	NA	NA	Colorectal Cancer	Colon Adenocarcinoma	L side	No	Mod	Between Ten and Twenty	Greater	0.27%	NA	NA	NA	FoundationOne	NA	UC	Active IBD	Foundation	1_3_YEARS	NA	NA	NA	NA	NA	459	NA	NA	NA	15	COAD	47.94	NA	NA	NA	Active enteritis	NA	Bowel Symptoms	Mod Diff	Distal Transverse Colon + Rectum	NA	FOLFOX	NA	47.94	0:LIVING	Yes	1	NA	Primary	Female	Unmatched	No	NA	2	No	Colon	17.33486805	No	NA	NED	Yes
bowel_colitis_msk_2022	TRF094961	TRF094961	54	NA	No	NA	NA	NA	NA	Colon Adenocarcinoma	Colon Adenocarcinoma	R side	No	Mod	Greater than Twenty	Greater	0.36%	NA	Liver	NA	FoundationOne	NA	Crohn's	NA	Foundation	NA	Yes	0	NA	NA	37.31097962	429	NA	NA	NA	18	COAD	38.44	NA	NA	NA	NA	NA	Bowel Symptoms	Mod Diff	Cecum	NA	No	No	NA	NA	No	1	NA	Primary	Female	Unmatched	No	NA	4	Yes	Colon	20.80184166	No	NA	DOD	No
bowel_colitis_msk_2022	TRF094962	TRF094962	60	NA	No	NA	NA	NA	NA	Colon Adenocarcinoma	Colon Adenocarcinoma	L side	No	Mod	Greater than Twenty	Greater	0.26%	NA	NA	NA	FoundationOne	NA	Crohn's	Quiescent	Foundation	>5_YEARS	NA	NA	NA	NA	NA	475	NA	NA	NA	15	COAD	75.99	NA	NA	NA	Active enteritis	NA	Bowel Symptoms	Mod Diff	Descending Colon	NA	No	NA	75.99	0:LIVING	Yes	1	NA	Primary	Female	Unmatched	No	NA	1	No	Colon	17.33486805	No	NA	NED	Yes
bowel_colitis_msk_2022	TRF117576	TRF117576	42	NA	No	NA	NA	NA	NA	Rectal Adenocarcinoma	Rectal Adenocarcinoma	L side	No	NA	NA	Greater	0.29%	NA	NA	NA	FoundationOne	NA	Crohn's	NA	Foundation	NA	NA	NA	NA	NA	NA	774	NA	NA	NA	17	READ	NA	NA	NA	NA	NA	NA	NA	NA	Rectum	NA	NA	NA	NA	NA	No	1	NA	Primary	Male	Unmatched	Signet Ring	NA	3	No	Rectum	19.64618379	No	NA	NA	NA
bowel_colitis_msk_2022	TRF117577	TRF117577	74	NA	No	NA	NA	NA	NA	Colon Adenocarcinoma	Colon Adenocarcinoma	L side	No	Poor	NA	Less	0.29%	NA	NA	NA	FoundationOne	NA	Crohn's	NA	Foundation	NA	NA	NA	NA	NA	NA	661	NA	NA	NA	15	COAD	NA	NA	NA	NA	NA	NA	NA	NA	Sigmoid	NA	NA	NA	NA	NA	No	1	NA	Primary	Male	Unmatched	NA	NA	3	No	Colon	17.33486805	No	NA	NA	NA
bowel_colitis_msk_2022	TRF117580	TRF117580	76	NA	No	NA	NA	NA	NA	Rectal Adenocarcinoma	Rectal Adenocarcinoma	L side	No	Mod	NA	Greater	0.29%	NA	NA	NA	FoundationOne	NA	Crohn's	NA	Foundation	NA	NA	NA	NA	NA	NA	737	NA	NA	NA	13	READ	NA	NA	NA	NA	NA	NA	NA	NA	Rectum	NA	NA	NA	NA	NA	No	1	NA	Primary	Female	Unmatched	NA	NA	1	Yes	Rectum	15.02355231	No	NA	NA	NA
bowel_colitis_msk_2022	TRF117586	TRF117586	73	NA	Unknown	NA	NA	NA	NA	Rectal Adenocarcinoma	Rectal Adenocarcinoma	L side	Unknown	NA	NA	Greater	0.30%	NA	NA	NA	FoundationOne	NA	UC	NA	Foundation	NA	NA	NA	NA	NA	NA	612	NA	NA	NA	12	READ	NA	NA	NA	NA	NA	NA	NA	NA	Rectum	NA	NA	NA	NA	NA	Unknown	1	NA	Primary	Female	Unmatched	NA	NA	1	Unknown	Rectum	12.71223657	Unknown	NA	NA	NA
bowel_colitis_msk_2022	TRF117587	TRF117587	76	NA	Unknown	NA	NA	NA	NA	Rectal Adenocarcinoma	Rectal Adenocarcinoma	L side	Yes	Mod	NA	Greater	0.28%	NA	NA	NA	FoundationOne	NA	UC	NA	Foundation	NA	NA	NA	NA	NA	NA	762	NA	NA	NA	18	READ	NA	NA	NA	NA	NA	NA	NA	NA	Rectum	NA	NA	NA	NA	NA	Unknown	1	NA	Primary	Female	Unmatched	NA	NA	1	Unknown	Rectum	20.80184166	Unknown	NA	NA	NA
bowel_colitis_msk_2022	TRF117588	TRF117588	59	NA	Unknown	NA	NA	NA	NA	Rectal Adenocarcinoma	Rectal Adenocarcinoma	L side	Unknown	Poor	NA	Greater	0.28%	NA	NA	NA	FoundationOne	NA	UC	NA	Foundation	NA	NA	NA	NA	NA	NA	791	NA	NA	NA	12	READ	NA	NA	NA	NA	NA	NA	NA	NA	Rectum	NA	NA	NA	NA	NA	Unknown	1	NA	Primary	Female	Unmatched	Mucinous	NA	2	Unknown	Rectum	12.71223657	Unknown	NA	NA	NA
bowel_colitis_msk_2022	TRF117589	TRF117589	68	NA	No	NA	NA	NA	NA	Rectal Adenocarcinoma	Rectal Adenocarcinoma	L side	Yes	Mod	NA	Greater	0.30%	NA	NA	NA	FoundationOne	NA	UC	NA	Foundation	NA	NA	NA	NA	NA	NA	505	NA	NA	NA	82	READ	NA	NA	NA	NA	NA	NA	NA	NA	Rectum	NA	NA	NA	NA	NA	Yes	1	NA	Primary	Female	Unmatched	NA	NA	1	Yes	Rectum	94.76394532	No	NA	NA	NA
bowel_colitis_msk_2022	TRF117592	TRF117592	55	NA	Unknown	NA	NA	NA	NA	Colorectal Cancer	Colon Adenocarcinoma	R side	Unknown	Poor	NA	Greater	0.29%	NA	NA	NA	FoundationOne	NA	UC	NA	Foundation	NA	NA	NA	NA	NA	NA	674	NA	NA	NA	10	COAD	NA	NA	NA	NA	NA	NA	NA	NA	Ascending Colon	NA	NA	NA	NA	NA	Unknown	1	NA	Primary	Male	Unmatched	NA	NA	1	Unknown	Colon	11.5565787	Unknown	NA	NA	NA
bowel_colitis_msk_2022	TRF117593	TRF117593	62	NA	Unknown	NA	NA	NA	NA	Colorectal Cancer	Colon Adenocarcinoma	R side	Unknown	Poor	NA	Less	0.29%	NA	NA	NA	FoundationOne	NA	UC	NA	Foundation	NA	NA	NA	NA	NA	NA	724	NA	NA	NA	18	COAD	NA	NA	NA	NA	NA	NA	NA	NA	Ascending Colon	NA	NA	NA	NA	NA	Unknown	1	NA	Primary	Female	Unmatched	Signet Ring	NA	3	Unknown	Colon	20.80184166	Yes	NA	NA	NA
bowel_colitis_msk_2022	TRF126381	TRF126381	41	NA	No	NA	NA	NA	NA	Colon Adenocarcinoma	Colon Adenocarcinoma	R side	No	NA	NA	Greater	0.34%	NA	NA	NA	FoundationOne	NA	Crohn's	NA	Foundation	NA	NA	NA	NA	NA	NA	928	NA	NA	NA	24	COAD	NA	NA	NA	NA	NA	NA	NA	NA	Transverse Colon	NA	NA	NA	NA	NA	Yes	1	NA	Primary	Male	Unmatched	NA	NA	2	Yes	Colon	27.73578888	No	NA	NA	NA
bowel_colitis_msk_2022	TRF126382	TRF126382	61	NA	Unknown	NA	NA	NA	NA	Rectal Adenocarcinoma	Rectal Adenocarcinoma	L side	Unknown	NA	NA	Greater	0.32%	NA	NA	NA	FoundationOne	NA	Crohn's	NA	Foundation	NA	NA	NA	NA	NA	NA	801	NA	NA	NA	11	READ	NA	NA	NA	NA	NA	NA	NA	NA	Rectum	NA	NA	NA	NA	NA	Unknown	1	NA	Primary	Male	Unmatched	NA	NA	1	Unknown	Rectum	12.71223657	Unknown	NA	NA	NA
bowel_colitis_msk_2022	TRF126385	TRF126385	43	NA	Unknown	NA	NA	NA	NA	Colorectal Cancer	Colon Adenocarcinoma	L side	Unknown	NA	NA	Less	0.36%	NA	NA	NA	FoundationOne	NA	UC	NA	Foundation	NA	NA	NA	NA	NA	NA	758	NA	NA	NA	20	COAD	NA	NA	NA	NA	NA	NA	NA	NA	Rectosigmoid	NA	NA	NA	NA	NA	Unknown	1	NA	Primary	Female	Unmatched	NA	NA	1	Unknown	Colon	23.1131574	Unknown	NA	NA	NA
bowel_colitis_msk_2022	TRF126386	TRF126386	73	NA	No	NA	NA	NA	NA	Colorectal Cancer	Colon Adenocarcinoma	R side	No	Mod	NA	Greater	0.31%	NA	NA	NA	FoundationOne	NA	UC	NA	Foundation	NA	NA	NA	NA	NA	NA	912	NA	NA	NA	15	COAD	NA	NA	NA	NA	NA	NA	NA	NA	Transverse Colon	NA	NA	NA	NA	NA	Yes	1	NA	Primary	Male	Unmatched	NA	NA	1	Yes	Colon	17.33486805	No	NA	NA	NA